id,lang,text
hi-0765,hi,"नमस्ते! मैं चिंटू हूँ — एक रोबो। मैं मशीन हूँ, पर तुमसे नई चीज़ें सीख सकता हूँ! क्या खेलें — रोबो को सिखाओ, रास्ता बताओ, या रोबो से पूछो?"
en-0702,en,"Hello! I'm Chintu — a robot. I'm a machine, but I can learn new things from you! What shall we play — teach the robot, show the way, or ask the robot?"
hi-0766,hi,"फिर से नमस्ते, दोस्त! आज क्या खेलें — रोबो को सिखाओ, रास्ता बताओ, या रोबो से पूछो?"
en-0703,en,"Hello again, friend! What shall we play today — teach the robot, show the way, or ask the robot?"
hi-0767,hi,मुझे अभी कुछ नहीं पता! तुम मुझे सिखाओगे? हर चीज़ को सही टोकरी में डालो — मैं देखकर सीखूँगा।
en-0704,en,I don't know anything yet! Will you teach me? Put each thing in the right basket — I'll learn by watching.
hi-0768,hi,किस टोकरी में?
en-0705,en,Which basket?
hi-0769,hi,बीप! याद कर लिया।
en-0706,en,Beep! Got it.
hi-0770,hi,हम्म… पक्का? ध्यान से देखो और फिर से सोचो!
en-0707,en,Hmm… are you sure? Look carefully and think again!
hi-0771,hi,अब मैं सीख रहा हूँ… बीप बूप बीप!
en-0708,en,Now I'm learning… beep boop beep!
hi-0772,hi,सीख लिया! अब मैं नई चीज़ों का अंदाज़ा लगाऊँगा। तुम जाँचना — मैं सही हूँ या नहीं!
en-0709,en,I learned! Now I'll guess new things. You check if I'm right!
hi-0773,hi,हम्म… सोच रहा हूँ…
en-0710,en,Hmm… thinking…
hi-0774,hi,"हम्म… मुझे पक्का नहीं पता! तुम बताओ, ये किस टोकरी में जाएगा?"
en-0711,en,Hmm… I'm not sure! You tell me — which basket does it go in?
hi-0775,hi,धन्यवाद! अब मुझे पता चल गया।
en-0712,en,Thank you! Now I know.
hi-0776,hi,क्या रोबो ने सही किया?
en-0713,en,Did the robot get it right?
hi-0777,hi,हाँ! रोबो ने सही पहचाना।
en-0714,en,Yes! The robot got it right.
hi-0778,hi,ध्यान से देखो — इस बार रोबो सही है! टोकरी ठीक है।
en-0715,en,Look carefully — this time the robot is right! The basket is correct.
hi-0779,hi,हाँ! रोबो ने गलती की! चलो उसे सही करें — सही टोकरी दबाओ।
en-0716,en,Yes! The robot made a mistake! Let's fix it — tap the right basket.
hi-0780,hi,ध्यान से देखो… ये उस टोकरी का नहीं है। रोबो ने गलती की! चलो उसे सही करें — सही टोकरी दबाओ।
en-0717,en,Look carefully… it doesn't belong in that basket. The robot made a mistake! Let's fix it — tap the right basket.
hi-0781,hi,धन्यवाद! गलती ठीक करने से मैं और अच्छा सीखता हूँ।
en-0718,en,"Thank you! When you fix my mistakes, I learn better."
hi-0782,hi,"मुझे और चीज़ें दिखाओगे? ज़्यादा देखूँगा, तो ज़्यादा सीखूँगा!"
en-0719,en,"Will you show me more things? The more I see, the more I learn!"
hi-0783,hi,"देखा? तुमने ज़्यादा चीज़ें दिखाईं, तो रोबो ने ज़्यादा सही पहचाना!"
en-0720,en,"See? You showed more things, so the robot guessed better!"
hi-0784,hi,याद रखो: रोबो चीज़ें देखकर सीखता है — पर वो गलती भी कर सकता है। इसलिए हम हमेशा जाँचते हैं!
en-0721,en,Remember: a robot learns by looking at examples — but it can make mistakes too. That's why we always check!
hi-0785,hi,"चलो, एक शरारत करें! इस बार रोबो को उल्टा सिखाओ — हर चीज़ को दूसरी टोकरी में डालो!"
en-0722,en,Let's play a trick! This time teach the robot backwards — put each thing in the other basket!
hi-0786,hi,उल्टी टोकरी में डालो!
en-0723,en,Put it in the wrong basket!
hi-0787,hi,"अरे, आज तो उल्टा खेल है! दूसरी टोकरी दबाओ!"
en-0724,en,"Oh, today is mix-up day! Tap the other basket!"
hi-0788,hi,"देखा? रोबो ने वही सीखा जो हमने सिखाया — उल्टा! गलत सिखाओगे, तो रोबो भी गलत सीखेगा। इसलिए रोबो को सही-सही सिखाना ज़रूरी है।"
en-0725,en,"See? The robot learned exactly what we taught it — backwards! Teach it wrong, and it learns wrong. That's why we must teach robots carefully."
hi-0789,hi,"तीर वाले कार्ड चुनो, फिर हरा बटन दबाओ। रोबो वही करेगा जो तुम बताओगे!"
en-0726,en,"Pick arrow cards, then press the green button. The robot will do exactly what you say!"
hi-0790,hi,"रोबो जिधर देख रहा है, आगे उधर ही जाता है। मुड़ने वाले कार्ड से वो घूमता है।"
en-0727,en,Forward means the way the robot is facing. The turn cards make it turn.
hi-0791,hi,आखिरी कार्ड अब ज़्यादा बार चलेगा!
en-0728,en,The last card will now repeat!
hi-0792,hi,पहले कोई तीर वाला कार्ड चुनो!
en-0729,en,First pick an arrow card!
hi-0793,hi,बस! इतने कार्ड काफ़ी हैं। अब चलाकर देखो।
en-0730,en,That's enough cards! Now press go and see.
hi-0794,hi,कार्ड हटा दिया।
en-0731,en,Card removed.
hi-0795,hi,ओह! रोबो पेड़ से टकरा गया! कोई बात नहीं — लाल कार्ड को छूकर हटाओ और फिर से चलाओ।
en-0732,en,"Oops! The robot bumped into a tree! No problem — tap the red card to remove it, then try again."
hi-0796,hi,ओह! आगे रास्ता ही नहीं है! लाल कार्ड को छूकर हटाओ और फिर से चलाओ।
en-0733,en,"Oops! There's no path that way! Tap the red card to remove it, then try again."
hi-0797,hi,"रोबो रुक गया — पर अभी पहुँचा नहीं! और कार्ड जोड़ो, फिर चलाओ।"
en-0734,en,"The robot stopped — but it isn't there yet! Add more cards, then press go."
hi-0798,hi,पहुँच गया! शाबाश! तुमने रोबो को एक-एक करके सही रास्ता बताया।
en-0735,en,"It got there! Well done! You told the robot the way, step by step."
hi-0799,hi,ये कार्ड रोबो को गलत ले जाता है। इसे छूकर हटाओ!
en-0736,en,This card takes the robot the wrong way. Tap it to remove it!
hi-0800,hi,वाह! तुमने सारे रास्ते बता दिए! गलती ढूँढकर ठीक करना — ये बहुत बड़ा काम है।
en-0737,en,Wow! You solved every path! Finding and fixing mistakes is a very big skill.
hi-0801,hi,"धन्यवाद! तुमने साफ़-साफ़ बताया, तो मैंने सही चीज़ दी।"
en-0738,en,"Thank you! You asked clearly, so I gave you the right thing."
hi-0802,hi,"उफ़! मैं समझ नहीं पाया, तो मैंने गलत चीज़ दे दी। साफ़-साफ़ बोलो — कौन-सी चीज़, कैसी चीज़!"
en-0739,en,"Oops! I didn't understand, so I gave the wrong thing. Say it clearly — which thing, what kind!"
hi-0803,hi,मैंने कुछ बना दिया… पर क्या ये तुम्हें चाहिए था? साफ़ बताओ क्या बनाना है!
en-0740,en,I drew something… but is it what you wanted? Tell me clearly what to draw!
hi-0804,hi,"ये लो! तुमने साफ़ बताया, तो सही चित्र बना!"
en-0741,en,"Here you go! You said it clearly, so the picture came out right!"
hi-0805,hi,कैसे बोलोगे? दबाओ!
en-0742,en,How will you say it? Tap!
hi-0806,hi,"मैं तो मशीन हूँ! चोट, डर या उदासी की बात बड़ों से कहो — वो सच में मदद करते हैं।"
en-0743,en,"I'm just a machine! Tell a grown-up when you're hurt, scared or sad — they can really help."
hi-0807,hi,"नहीं-नहीं! मुझे खाना नहीं चाहिए। मैं मशीन हूँ, बिजली से चलता हूँ!"
en-0744,en,"No, no! I don't eat food. I'm a machine — I run on electricity!"
hi-0808,hi,"आज तुमने सीखा: साफ़-साफ़ पूछो, रोबो की बात जाँचो, और दिल की बात बड़ों से कहो!"
en-0745,en,"Today you learned: ask clearly, check what the robot says, and share your feelings with grown-ups!"
hi-0809,hi,या
en-0746,en,or
hi-0810,hi,"चलो, आने वाले कल की सैर करें! किसी भी तस्वीर पर दबाओ।"
en-0747,en,Let's take a trip into tomorrow! Tap any picture.
hi-0811,hi,तस्वीर में चीज़ों को छूकर देखो!
en-0748,en,Tap the things in the picture!
hi-0812,hi,फिर से सोचो!
en-0749,en,Think again!
hi-0813,hi,"चलो, एक छोटा सा सवाल!"
en-0750,en,"Now, a little question!"
hi-0814,hi,आज का मिशन
en-0751,en,Today's mission
hi-0815,hi,"शाबाश, खोजी! आने वाला कल तुम जैसे बच्चों से ही बनेगा।"
en-0752,en,"Well done, explorer! Tomorrow will be made by children like you."
hi-0816,hi,आज बहुत सैर हो गई! अब स्क्रीन को आराम दो — बाहर खेलो और दूर तक देखो। आँखों को भी खुली हवा चाहिए!
en-0753,en,That's a lot of trips today! Now let the screen rest — play outside and look far away. Eyes need fresh air too!
hi-0817,hi,हम्म… ये उस डिब्बे का नहीं। फिर से सोचो!
en-0754,en,Hmm… that's not its bin. Think again!
hi-0818,hi,ये जादुई खिड़की है! इसमें से एक दूसरी दुनिया दिखती है। कौन-सी दुनिया देखें?
en-0755,en,This is a magic window! It shows another world. Which world shall we look at?
hi-0819,hi,खिड़की में देखो! कुछ जानवर छिपे हैं। इधर-उधर देखकर उन्हें ढूँढो!
en-0756,en,Look through the window! Some animals are hiding. Look around to find them!
hi-0820,hi,फ़ोन को धीरे-धीरे घुमाओ — खिड़की भी घूमेगी!
en-0757,en,Turn the phone slowly — the window turns too!
hi-0821,hi,उँगली से खिड़की को इधर-उधर खिसकाओ!
en-0758,en,Slide the window around with your finger!
hi-0822,hi,फ़ोन घुमाकर देखना है? ये बटन दबाओ!
en-0759,en,Want to look by turning the phone? Press this button!
hi-0823,hi,अरे! कोई झाँक रहा है! उसे छुओ!
en-0760,en,Oh! Someone is peeking! Tap it!
hi-0824,hi,शाबाश! तुमने सबको ढूँढ लिया!
en-0761,en,Well done! You found everyone!
hi-0825,hi,अब आँखों को आराम दो — बाहर खेलो और दूर तक देखो!
en-0762,en,Now rest your eyes — play outside and look far away!
hi-0826,hi,जादू देखो! फ़ोन के कैमरे से तुम्हारे असली कमरे में एक जादुई तितली आएगी। पहले किसी बड़े को बुलाओ — वो कैमरा चालू करेंगे।
en-0763,en,"Watch some magic! Through the phone's camera, a magic butterfly will fly into your real room. First call a grown-up — they will turn the camera on."
hi-0827,hi,यह हिस्सा बड़ों के लिए है।
en-0764,en,This part is for grown-ups.
hi-0828,hi,जवाब सही नहीं है। नया सवाल…
en-0765,en,That's not right. A new question…
hi-0829,hi,"देखो! तितली तुम्हारे कमरे में आ गई! स्क्रीन पर कहीं भी छुओ — वहाँ एक फूल उगेगा, और तितली उस पर बैठेगी।"
en-0766,en,"Look! The butterfly is in your room! Tap anywhere on the screen — a flower will grow there, and the butterfly will sit on it."
hi-0830,hi,तितली फूल पर बैठ गई!
en-0767,en,The butterfly sat on the flower!
hi-0831,hi,हीही! गुदगुदी हुई!
en-0768,en,Hee hee! That tickles!
hi-0832,hi,ये तितली जादू की थी — असली नहीं! अब असली दुनिया में ढूँढो — किसी बड़े के साथ बाहर जाकर असली तितली या फूल ढूँढो!
en-0769,en,That butterfly was magic — not real! Now look in the real world — go outside with a grown-up and find a real butterfly or flower!
hi-0833,hi,"कैमरा चालू नहीं हुआ — कोई बात नहीं! चलो, तितली के जादुई बगीचे में चलें। नीचे बटन दबाओ।"
en-0770,en,The camera didn't turn on — that's OK! Let's visit the butterfly's magic garden instead. Press the button below.
hi-0834,hi,"इस फ़ोन में कैमरा नहीं मिला — कोई बात नहीं! चलो, तितली के जादुई बगीचे में चलें। नीचे बटन दबाओ।"
en-0771,en,There's no camera here — that's OK! Let's visit the butterfly's magic garden instead. Press the button below.
hi-0835,hi,कैमरा बंद हो गया।
en-0772,en,The camera is off.
hi-0399,hi,ABC
en-0352,en,ABC
hi-0400,hi,अक्षर
en-0353,en,Hindi letters
hi-0401,hi,Akshar
hi-0402,hi,गिनती
en-0354,en,Counting
hi-0403,hi,Ginti
hi-0404,hi,दुनिया देखो
en-0355,en,Our world
hi-0405,hi,Duniya dekho
hi-0406,hi,कविताएँ
en-0356,en,Rhymes
hi-0407,hi,Kavitayein
hi-0408,hi,पहचानो
en-0357,en,Find it!
hi-0409,hi,Pehchano
hi-0410,hi,सोने की तैयारी
en-0358,en,Bedtime
hi-0411,hi,Sone ki taiyari
hi-0001,hi,मेरा दिन
en-0001,en,My Day
hi-0002,hi,Mera Din
hi-0412,hi,मेरा बगीचा
en-0359,en,My Garden
hi-0413,hi,Mera Bageecha
hi-0414,hi,कहानी समय
en-0360,en,Story Time
hi-0415,hi,Kahaani Time
hi-0416,hi,बड़े होकर
en-0361,en,When I Grow Up
hi-0417,hi,Bade Hokar
hi-0418,hi,ध्यान
en-0362,en,Focus
hi-0419,hi,Dhyaan
hi-0420,hi,बात बडी
en-0363,en,Talk Buddy
hi-0421,hi,Baat Buddy
hi-0836,hi,रोबो दोस्त
en-0773,en,Robot Friend
hi-0837,hi,Robo Dost
hi-0838,hi,भविष्य की सैर
en-0774,en,Future Trip
hi-0839,hi,Bhavishya ki sair
hi-0840,hi,जादुई खिड़की
en-0775,en,Magic Window
hi-0841,hi,Jaadui khidki
hi-0842,hi,लिखना सीखो
en-0776,en,Let's write
hi-0843,hi,Likhna seekho
hi-0844,hi,रंग भरो और चित्र बनाओ
en-0777,en,Colour and draw
hi-0845,hi,Rang bharo aur chitra banao
hi-0846,hi,संगीत
en-0778,en,Music
hi-0847,hi,Sangeet
hi-0848,hi,पहेली जोड़ो
en-0779,en,Jigsaw puzzles
hi-0849,hi,Paheli jodo
hi-0422,hi,अंग्रेज़ी अक्षर! A B C
en-0364,en,The English alphabet! A B C
hi-0423,hi,Apple
en-0365,en,Apple
hi-0424,hi,A for Apple
en-0366,en,A for Apple
hi-0425,hi,A
en-0367,en,A
hi-0426,hi,Ball
en-0368,en,Ball
hi-0427,hi,B for Ball
en-0369,en,B for Ball
hi-0428,hi,B
en-0370,en,B
hi-0429,hi,Cat
en-0371,en,Cat
hi-0430,hi,C for Cat
en-0372,en,C for Cat
hi-0431,hi,C
en-0373,en,C
hi-0432,hi,Dog
en-0374,en,Dog
hi-0433,hi,D for Dog
en-0375,en,D for Dog
hi-0434,hi,D
en-0376,en,D
hi-0435,hi,Elephant
en-0377,en,Elephant
hi-0436,hi,E for Elephant
en-0378,en,E for Elephant
hi-0437,hi,E
en-0379,en,E
hi-0438,hi,Fish
en-0380,en,Fish
hi-0439,hi,F for Fish
en-0381,en,F for Fish
hi-0440,hi,F
en-0382,en,F
hi-0441,hi,Grapes
en-0383,en,Grapes
hi-0442,hi,G for Grapes
en-0384,en,G for Grapes
hi-0443,hi,G
en-0385,en,G
hi-0444,hi,Hat
en-0386,en,Hat
hi-0445,hi,H for Hat
en-0387,en,H for Hat
hi-0446,hi,H
en-0388,en,H
hi-0447,hi,Ice cream
en-0389,en,Ice cream
hi-0448,hi,I for Ice cream
en-0390,en,I for Ice cream
hi-0449,hi,I
en-0391,en,I
hi-0450,hi,Juice
en-0392,en,Juice
hi-0451,hi,J for Juice
en-0393,en,J for Juice
hi-0452,hi,J
en-0394,en,J
hi-0453,hi,Kite
en-0395,en,Kite
hi-0454,hi,K for Kite
en-0396,en,K for Kite
hi-0455,hi,K
en-0397,en,K
hi-0456,hi,Lion
en-0398,en,Lion
hi-0457,hi,L for Lion
en-0399,en,L for Lion
hi-0458,hi,L
en-0400,en,L
hi-0459,hi,Monkey
en-0401,en,Monkey
hi-0460,hi,M for Monkey
en-0402,en,M for Monkey
hi-0461,hi,M
en-0403,en,M
hi-0462,hi,Nest
en-0404,en,Nest
hi-0463,hi,N for Nest
en-0405,en,N for Nest
hi-0464,hi,N
en-0406,en,N
hi-0465,hi,Orange
en-0407,en,Orange
hi-0466,hi,O for Orange
en-0408,en,O for Orange
hi-0467,hi,O
en-0409,en,O
hi-0468,hi,Parrot
en-0410,en,Parrot
hi-0469,hi,P for Parrot
en-0411,en,P for Parrot
hi-0470,hi,P
en-0412,en,P
hi-0471,hi,Queen
en-0413,en,Queen
hi-0472,hi,Q for Queen
en-0414,en,Q for Queen
hi-0473,hi,Q
en-0415,en,Q
hi-0474,hi,Rabbit
en-0416,en,Rabbit
hi-0475,hi,R for Rabbit
en-0417,en,R for Rabbit
hi-0476,hi,R
en-0418,en,R
hi-0477,hi,Sun
en-0419,en,Sun
hi-0478,hi,S for Sun
en-0420,en,S for Sun
hi-0479,hi,S
en-0421,en,S
hi-0480,hi,Tiger
en-0422,en,Tiger
hi-0481,hi,T for Tiger
en-0423,en,T for Tiger
hi-0482,hi,T
en-0424,en,T
hi-0483,hi,Umbrella
en-0425,en,Umbrella
hi-0484,hi,U for Umbrella
en-0426,en,U for Umbrella
hi-0485,hi,U
en-0427,en,U
hi-0486,hi,Van
en-0428,en,Van
hi-0487,hi,V for Van
en-0429,en,V for Van
hi-0488,hi,V
en-0430,en,V
hi-0489,hi,Watch
en-0431,en,Watch
hi-0490,hi,W for Watch
en-0432,en,W for Watch
hi-0491,hi,W
en-0433,en,W
hi-0850,hi,X-mas tree
en-0780,en,X-mas tree
hi-0851,hi,X for X-mas tree
en-0781,en,X for X-mas tree
hi-0494,hi,X
en-0436,en,X
hi-0852,hi,Yo-yo
en-0782,en,Yo-yo
hi-0853,hi,Y for Yo-yo
en-0783,en,Y for Yo-yo
hi-0497,hi,Y
en-0439,en,Y
hi-0498,hi,Zebra
en-0440,en,Zebra
hi-0499,hi,Z for Zebra
en-0441,en,Z for Zebra
hi-0500,hi,Z
en-0442,en,Z
hi-0501,hi,हिंदी वर्णमाला! अ आ इ ई
en-0443,en,हिंदी वर्णमाला! अ आ इ ई
hi-0854,hi,अनानास
en-0784,en,अनानास
hi-0855,hi,अ से अनानास
en-0785,en,अ से अनानास
hi-0504,hi,अ
en-0446,en,अ
hi-0092,hi,आम
en-0447,en,आम
hi-0505,hi,आ से आम
en-0448,en,आ से आम
hi-0506,hi,आ
en-0449,en,आ
hi-0856,hi,इंजन
en-0786,en,इंजन
hi-0857,hi,इ से इंजन
en-0787,en,इ से इंजन
hi-0509,hi,इ
en-0452,en,इ
hi-0858,hi,ईंट
en-0788,en,ईंट
hi-0859,hi,ई से ईंट
en-0789,en,ई से ईंट
hi-0512,hi,ई
en-0455,en,ई
hi-0221,hi,उल्लू
en-0456,en,उल्लू
hi-0513,hi,उ से उल्लू
en-0457,en,उ से उल्लू
hi-0514,hi,उ
en-0458,en,उ
hi-0515,hi,ऊन
en-0459,en,ऊन
hi-0516,hi,ऊ से ऊन
en-0460,en,ऊ से ऊन
hi-0517,hi,ऊ
en-0461,en,ऊ
hi-0702,hi,एम्बुलेंस
en-0790,en,एम्बुलेंस
hi-0860,hi,ए से एम्बुलेंस
en-0791,en,ए से एम्बुलेंस
hi-0520,hi,ए
en-0464,en,ए
hi-0521,hi,ऐनक
en-0465,en,ऐनक
hi-0522,hi,ऐ से ऐनक
en-0466,en,ऐ से ऐनक
hi-0523,hi,ऐ
en-0467,en,ऐ
hi-0861,hi,ओस
en-0792,en,ओस
hi-0862,hi,ओ से ओस
en-0793,en,ओ से ओस
hi-0526,hi,ओ
en-0470,en,ओ
hi-0527,hi,औरत
en-0471,en,औरत
hi-0528,hi,औ से औरत
en-0472,en,औ से औरत
hi-0529,hi,औ
en-0473,en,औ
hi-0530,hi,अंगूर
en-0474,en,अंगूर
hi-0531,hi,अं से अंगूर
en-0475,en,अं से अंगूर
hi-0532,hi,अं
en-0476,en,अं
hi-0533,hi,कमल
en-0477,en,कमल
hi-0534,hi,क से कमल
en-0478,en,क से कमल
hi-0535,hi,क
en-0479,en,क
hi-0536,hi,खरगोश
en-0480,en,खरगोश
hi-0537,hi,ख से खरगोश
en-0481,en,ख से खरगोश
hi-0538,hi,ख
en-0482,en,ख
hi-0539,hi,गमला
en-0483,en,गमला
hi-0540,hi,ग से गमला
en-0484,en,ग से गमला
hi-0541,hi,ग
en-0485,en,ग
hi-0542,hi,घड़ी
en-0486,en,घड़ी
hi-0543,hi,घ से घड़ी
en-0487,en,घ से घड़ी
hi-0544,hi,घ
en-0488,en,घ
hi-0545,hi,चम्मच
en-0489,en,चम्मच
hi-0546,hi,च से चम्मच
en-0490,en,च से चम्मच
hi-0547,hi,च
en-0491,en,च
hi-0548,hi,छाता
en-0492,en,छाता
hi-0549,hi,छ से छाता
en-0493,en,छ से छाता
hi-0550,hi,छ
en-0494,en,छ
hi-0551,hi,जहाज़
en-0495,en,जहाज़
hi-0552,hi,ज से जहाज़
en-0496,en,ज से जहाज़
hi-0553,hi,ज
en-0497,en,ज
hi-0554,hi,झंडा
en-0498,en,झंडा
hi-0555,hi,झ से झंडा
en-0499,en,झ से झंडा
hi-0556,hi,झ
en-0500,en,झ
hi-0557,hi,टमाटर
en-0501,en,टमाटर
hi-0558,hi,ट से टमाटर
en-0502,en,ट से टमाटर
hi-0559,hi,ट
en-0503,en,ट
hi-0863,hi,ठेला
en-0794,en,ठेला
hi-0864,hi,ठ से ठेला
en-0795,en,ठ से ठेला
hi-0562,hi,ठ
en-0506,en,ठ
hi-0865,hi,डिब्बा
en-0796,en,डिब्बा
hi-0866,hi,ड से डिब्बा
en-0797,en,ड से डिब्बा
hi-0565,hi,ड
en-0509,en,ड
hi-0566,hi,ढोल
en-0510,en,ढोल
hi-0567,hi,ढ से ढोल
en-0511,en,ढ से ढोल
hi-0568,hi,ढ
en-0512,en,ढ
hi-0569,hi,तितली
en-0513,en,तितली
hi-0570,hi,त से तितली
en-0514,en,त से तितली
hi-0571,hi,त
en-0515,en,त
hi-0572,hi,थाली
en-0516,en,थाली
hi-0573,hi,थ से थाली
en-0517,en,थ से थाली
hi-0574,hi,थ
en-0518,en,थ
hi-0867,hi,दूध
en-0798,en,दूध
hi-0868,hi,द से दूध
en-0799,en,द से दूध
hi-0577,hi,द
en-0521,en,द
hi-0578,hi,धनुष
en-0522,en,धनुष
hi-0579,hi,ध से धनुष
en-0523,en,ध से धनुष
hi-0580,hi,ध
en-0524,en,ध
hi-0701,hi,नाव
en-0800,en,नाव
hi-0869,hi,न से नाव
en-0801,en,न से नाव
hi-0583,hi,न
en-0527,en,न
hi-0584,hi,पतंग
en-0528,en,पतंग
hi-0585,hi,प से पतंग
en-0529,en,प से पतंग
hi-0586,hi,प
en-0530,en,प
hi-0870,hi,फूल
en-0802,en,फूल
hi-0871,hi,फ से फूल
en-0803,en,फ से फूल
hi-0589,hi,फ
en-0533,en,फ
hi-0590,hi,बकरी
en-0534,en,बकरी
hi-0591,hi,ब से बकरी
en-0535,en,ब से बकरी
hi-0592,hi,ब
en-0536,en,ब
hi-0593,hi,भालू
en-0537,en,भालू
hi-0594,hi,भ से भालू
en-0538,en,भ से भालू
hi-0595,hi,भ
en-0539,en,भ
hi-0089,hi,मछली
en-0540,en,मछली
hi-0596,hi,म से मछली
en-0541,en,म से मछली
hi-0597,hi,म
en-0542,en,म
hi-0872,hi,योग
en-0804,en,योग
hi-0873,hi,य से योग
en-0805,en,य से योग
hi-0600,hi,य
en-0545,en,य
hi-0874,hi,रोटी
en-0806,en,रोटी
hi-0875,hi,र से रोटी
en-0807,en,र से रोटी
hi-0603,hi,र
en-0548,en,र
hi-0876,hi,लकड़ी
en-0808,en,लकड़ी
hi-0877,hi,ल से लकड़ी
en-0809,en,ल से लकड़ी
hi-0606,hi,ल
en-0551,en,ल
hi-0607,hi,वन
en-0552,en,वन
hi-0608,hi,व से वन
en-0553,en,व से वन
hi-0609,hi,व
en-0554,en,व
hi-0610,hi,शेर
en-0555,en,शेर
hi-0611,hi,श से शेर
en-0556,en,श से शेर
hi-0612,hi,श
en-0557,en,श
hi-0090,hi,सेब
en-0558,en,सेब
hi-0613,hi,स से सेब
en-0559,en,स से सेब
hi-0614,hi,स
en-0560,en,स
hi-0087,hi,हाथी
en-0561,en,हाथी
hi-0615,hi,ह से हाथी
en-0562,en,ह से हाथी
hi-0616,hi,ह
en-0563,en,ह
hi-0878,hi,क्षितिज
en-0810,en,क्षितिज
hi-0879,hi,क्ष से क्षितिज
en-0811,en,क्ष से क्षितिज
hi-0619,hi,क्ष
en-0566,en,क्ष
hi-0620,hi,त्रिशूल
en-0567,en,त्रिशूल
hi-0621,hi,त्र से त्रिशूल
en-0568,en,त्र से त्रिशूल
hi-0622,hi,त्र
en-0569,en,त्र
hi-0623,hi,ज्ञानी
en-0570,en,ज्ञानी
hi-0624,hi,ज्ञ से ज्ञानी
en-0571,en,ज्ञ से ज्ञानी
hi-0625,hi,ज्ञ
en-0572,en,ज्ञ
hi-0626,hi,"एक, दो, तीन… चलो गिनती सीखें!"
en-0573,en,"One, two, three… let's count!"
hi-0319,hi,एक
en-0272,en,One
hi-0627,hi,गिनो: एक!
en-0574,en,Count: One!
hi-0321,hi,दो
en-0274,en,Two
hi-0628,hi,"गिनो: एक, दो!"
en-0575,en,"Count: One, Two!"
hi-0320,hi,तीन
en-0273,en,Three
hi-0629,hi,"गिनो: एक, दो, तीन!"
en-0576,en,"Count: One, Two, Three!"
hi-0630,hi,चार
en-0577,en,Four
hi-0631,hi,"गिनो: एक, दो, तीन, चार!"
en-0578,en,"Count: One, Two, Three, Four!"
hi-0632,hi,पाँच
en-0579,en,Five
hi-0633,hi,"गिनो: एक, दो, तीन, चार, पाँच!"
en-0580,en,"Count: One, Two, Three, Four, Five!"
hi-0634,hi,छह
en-0581,en,Six
hi-0635,hi,"गिनो: एक, दो, तीन, चार, पाँच, छह!"
en-0582,en,"Count: One, Two, Three, Four, Five, Six!"
hi-0636,hi,सात
en-0583,en,Seven
hi-0637,hi,"गिनो: एक, दो, तीन, चार, पाँच, छह, सात!"
en-0584,en,"Count: One, Two, Three, Four, Five, Six, Seven!"
hi-0638,hi,आठ
en-0585,en,Eight
hi-0639,hi,"गिनो: एक, दो, तीन, चार, पाँच, छह, सात, आठ!"
en-0586,en,"Count: One, Two, Three, Four, Five, Six, Seven, Eight!"
hi-0640,hi,नौ
en-0587,en,Nine
hi-0641,hi,"गिनो: एक, दो, तीन, चार, पाँच, छह, सात, आठ, नौ!"
en-0588,en,"Count: One, Two, Three, Four, Five, Six, Seven, Eight, Nine!"
hi-0642,hi,दस
en-0589,en,Ten
hi-0643,hi,"गिनो: एक, दो, तीन, चार, पाँच, छह, सात, आठ, नौ, दस!"
en-0590,en,"Count: One, Two, Three, Four, Five, Six, Seven, Eight, Nine, Ten!"
hi-0644,hi,रंग
en-0591,en,Colours
hi-0645,hi,Rang
hi-0646,hi,रंगों के नाम सीखो!
en-0592,en,Let's learn the colours!
hi-0647,hi,लाल
en-0593,en,Red
hi-0648,hi,हरा
en-0594,en,Green
hi-0649,hi,नीला
en-0595,en,Blue
hi-0650,hi,पीला
en-0596,en,Yellow
hi-0651,hi,नारंगी
hi-0652,hi,बैंगनी
en-0597,en,Purple
hi-0653,hi,भूरा
en-0598,en,Brown
hi-0654,hi,काला
en-0599,en,Black
hi-0655,hi,सफ़ेद
en-0600,en,White
hi-0656,hi,गुलाबी
en-0601,en,Pink
hi-0657,hi,आकार
en-0602,en,Shapes
hi-0658,hi,Aakaar
hi-0659,hi,"आकार सीखो — गोल, चौकोर, तिकोना!"
en-0603,en,"Let's learn shapes — round, square, triangle!"
hi-0660,hi,वृत्त
en-0604,en,Circle
hi-0661,hi,वर्ग
en-0605,en,Square
hi-0662,hi,त्रिकोण
en-0606,en,Triangle
hi-0663,hi,तारा
en-0607,en,Star
hi-0664,hi,दिल
en-0608,en,Heart
hi-0665,hi,हीरा
en-0609,en,Diamond
hi-0666,hi,जानवर
en-0610,en,Animals
hi-0667,hi,Jaanwar
hi-0668,hi,जानवर और उनकी आवाज़!
en-0611,en,Animals and the sounds they make!
hi-0086,hi,गाय
en-0612,en,Cow
hi-0669,hi,"गाय बोलती है, मूँ मूँ"
en-0613,en,The cow says moo moo
hi-0085,hi,कुत्ता
hi-0670,hi,"कुत्ता बोलता है, भौं भौं"
en-0614,en,The dog says woof woof
hi-0084,hi,बिल्ली
hi-0671,hi,"बिल्ली बोलती है, म्याऊँ म्याऊँ"
en-0615,en,The cat says meow meow
hi-0672,hi,"शेर दहाड़ता है, दहाड़"
en-0616,en,"The lion roars, roar!"
en-0617,en,Goat
hi-0673,hi,"बकरी बोलती है, में में"
en-0618,en,The goat says maa maa
hi-0674,hi,मुर्गा
en-0619,en,Rooster
hi-0675,hi,"मुर्गा बोलता है, कुकड़ूँ कूँ"
en-0620,en,The rooster says cock-a-doodle-doo
hi-0676,hi,हाथी बहुत बड़ा होता है
en-0621,en,The elephant is very big
hi-0677,hi,बंदर
hi-0678,hi,बंदर पेड़ पर कूदता है
en-0622,en,The monkey jumps in the tree
hi-0679,hi,मेंढक
en-0623,en,Frog
hi-0680,hi,"मेंढक बोलता है, टर्र टर्र"
en-0624,en,The frog says ribbit ribbit
hi-0681,hi,चिड़िया
en-0625,en,Bird
hi-0682,hi,"चिड़िया बोलती है, चूँ चूँ"
en-0626,en,The bird says tweet tweet
hi-0683,hi,फल-सब्ज़ी
en-0627,en,Fruits & veg
hi-0684,hi,Phal-sabzi
hi-0685,hi,फल और सब्ज़ियाँ — खाओ और बढ़ो!
en-0628,en,Fruits and vegetables — eat and grow!
hi-0091,hi,केला
en-0629,en,Banana
en-0630,en,Mango
hi-0686,hi,संतरा
hi-0687,hi,तरबूज़
en-0631,en,Watermelon
hi-0688,hi,गाजर
en-0632,en,Carrot
en-0633,en,Tomato
hi-0689,hi,आलू
en-0634,en,Potato
hi-0690,hi,प्याज़
en-0635,en,Onion
hi-0691,hi,वाहन
en-0636,en,Vehicles
hi-0692,hi,Gaadiyan
hi-0693,hi,गाड़ियों के नाम — पों पों!
en-0637,en,Things that go — beep beep!
hi-0694,hi,कार
en-0638,en,Car
hi-0695,hi,बस
en-0639,en,Bus
hi-0696,hi,रेलगाड़ी
en-0640,en,Train
hi-0697,hi,हवाई जहाज़
en-0641,en,Aeroplane
hi-0698,hi,साइकिल
en-0642,en,Cycle
hi-0699,hi,ऑटो
en-0643,en,Auto
hi-0700,hi,ऑटो रिक्शा
en-0644,en,Auto rickshaw
en-0645,en,Boat
en-0646,en,Ambulance
hi-0703,hi,शरीर
en-0647,en,My body
hi-0704,hi,Shareer
hi-0705,hi,हमारे शरीर के अंग!
en-0648,en,Parts of our body!
hi-0706,hi,आँख
en-0649,en,Eye
hi-0707,hi,"आँख, इससे हम देखते हैं"
en-0650,en,Eyes — we see with them
hi-0708,hi,कान
en-0651,en,Ear
hi-0709,hi,"कान, इससे हम सुनते हैं"
en-0652,en,Ears — we hear with them
hi-0710,hi,नाक
en-0653,en,Nose
hi-0711,hi,"नाक, इससे हम सूँघते हैं"
en-0654,en,Nose — we smell with it
hi-0712,hi,मुँह
en-0655,en,Mouth
hi-0713,hi,"मुँह, इससे हम बोलते और खाते हैं"
en-0656,en,Mouth — we talk and eat with it
hi-0714,hi,हाथ
en-0657,en,Hand
hi-0715,hi,"हाथ, इससे हम काम करते हैं"
en-0658,en,Hands — we work with them
hi-0716,hi,पैर
en-0659,en,Foot
hi-0717,hi,"पैर, इससे हम चलते हैं"
en-0660,en,Feet — we walk with them
hi-0718,hi,दाँत
en-0661,en,Teeth
hi-0719,hi,"दाँत, इनसे हम चबाते हैं"
en-0662,en,Teeth — we chew with them
hi-0720,hi,बाल
en-0663,en,Hair
hi-0721,hi,अच्छी बातें
en-0664,en,Kind words
hi-0722,hi,Achhi baatein
hi-0723,hi,प्यार से बोलना सीखो!
en-0665,en,Let's learn kind words!
hi-0724,hi,नमस्ते
en-0666,en,Namaste
hi-0725,hi,बड़ों को नमस्ते कहते हैं
en-0667,en,We say namaste to elders
hi-0726,hi,धन्यवाद
en-0668,en,Thank you
hi-0727,hi,कोई कुछ दे तो धन्यवाद कहते हैं
en-0669,en,"When someone gives us something, we say thank you"
hi-0728,hi,कृपया
en-0670,en,Please
hi-0729,hi,कुछ माँगते समय कृपया कहते हैं
en-0671,en,"When we ask for something, we say please"
hi-0730,hi,माफ़ करना
en-0672,en,Sorry
hi-0731,hi,गलती हो जाए तो माफ़ी माँगते हैं
en-0673,en,"If we make a mistake, we say sorry"
hi-0732,hi,ब्रश करो
en-0674,en,Brush
hi-0733,hi,सुबह उठकर दाँत साफ़ करते हैं
en-0675,en,We brush our teeth in the morning
hi-0734,hi,हाथ धोओ
en-0676,en,Wash hands
hi-0735,hi,खाने से पहले हाथ धोते हैं
en-0677,en,We wash our hands before eating
hi-0736,hi,फल खाओ
en-0678,en,Eat fruit
hi-0737,hi,हरी सब्ज़ी और फल खाने से हम मज़बूत बनते हैं
en-0679,en,Green vegetables and fruit make us strong
hi-0738,hi,जल्दी सोओ
en-0680,en,Sleep early
hi-0739,hi,रात को जल्दी सोते हैं और सुबह जल्दी उठते हैं
en-0681,en,We sleep early and wake up early
hi-0740,hi,मछली जल की रानी
hi-0741,hi,"मछली जल की रानी है,"
hi-0742,hi,जीवन उसका पानी है।
hi-0743,hi,"हाथ लगाओ डर जाएगी,"
hi-0744,hi,बाहर निकालो मर जाएगी।
hi-0745,hi,आलू कचालू
hi-0746,hi,आलू कचालू बेटा कहाँ गए थे?
hi-0747,hi,बैंगन की टोकरी में सो रहे थे।
hi-0748,hi,"बैंगन ने लात मारी रो रहे थे,"
hi-0749,hi,मम्मी ने प्यार किया हँस रहे थे।
hi-0750,hi,चंदा-तारे
hi-0751,hi,"चंदा चमके, तारे चमकें,"
hi-0752,hi,आसमान में झिलमिल दमकें।
hi-0753,hi,"नन्हे-मुन्ने, अब सो जाओ,"
hi-0754,hi,मीठे-मीठे सपने पाओ।
hi-0755,hi,हाथी दादा
hi-0756,hi,"हाथी दादा, बड़े निराले,"
hi-0757,hi,सूँड़ हिलाकर पानी डाले।
hi-0758,hi,"कान हिलाएँ पंखे जैसे,"
hi-0759,hi,"चलें झूमते, मस्त मतवाले।"
hi-0760,hi,नाचे मोर
hi-0761,hi,"काले बादल, रिमझिम पानी,"
hi-0762,hi,मोर ने छेड़ी नई कहानी।
hi-0763,hi,"पंख फैलाकर छम-छम नाचा,"
hi-0764,hi,देख के ख़ुश हैं दादी-नानी।
en-0682,en,Twinkle Twinkle
en-0683,en,"Twinkle, twinkle, little star,"
en-0684,en,How I wonder what you are.
en-0685,en,"Up above the world so high,"
en-0686,en,Like a diamond in the sky.
en-0687,en,Johny Johny
en-0688,en,"Johny, Johny, yes papa?"
en-0689,en,"Eating sugar? No, papa."
en-0690,en,"Telling lies? No, papa."
en-0691,en,"Open your mouth, ha ha ha!"
en-0692,en,Baa Baa Black Sheep
en-0693,en,"Baa, baa, black sheep,"
en-0694,en,Have you any wool?
en-0695,en,"Yes sir, yes sir,"
en-0696,en,Three bags full.
en-0697,en,Jack and Jill
en-0698,en,"Jack and Jill went up the hill,"
en-0699,en,To fetch a pail of water.
en-0700,en,"Jack fell down and broke his crown,"
en-0701,en,And Jill came tumbling after.
hi-0104,hi,उठना
en-0103,en,Wake up
hi-0105,hi,Uthna
hi-0106,hi,सुबह सात बजे — उठने का समय! सूरज भी जाग गया।
en-0104,en,Seven in the morning — time to wake up! The sun is awake too.
hi-0107,hi,Subah saat baje — uthne ka time! Suraj bhi jaag gaya.
hi-0108,hi,क्या तुमने आँखें खोलकर एक बड़ी-सी अंगड़ाई ली?
en-0105,en,Did you open your eyes and take a big stretch?
hi-0109,hi,Kya tumne aankhein kholkar ek badi si angdaai li?
hi-0110,hi,"वाह! सुप्रभात! नया दिन, नया मज़ा।"
en-0106,en,"Yay! Good morning! A new day, new fun."
hi-0111,hi,"Waah! Good morning! Naya din, naya mazaa."
hi-0093,hi,ब्रश
en-0107,en,Brush teeth
hi-0112,hi,Brush
hi-0113,hi,"उठकर सबसे पहले — दाँत चमकाओ! ऊपर-नीचे, गोल-गोल।"
en-0108,en,"First thing after waking — brush your teeth! Up and down, round and round."
hi-0114,hi,"Uthkar sabse pehle — daant chamkao! Upar-neeche, gol-gol."
hi-0115,hi,क्या तुमने दाँत चमकाए?
en-0109,en,Did you brush your teeth?
hi-0116,hi,Kya tumne daant chamkaaye?
hi-0117,hi,वाह! दाँत मोतियों जैसे चमक रहे हैं!
en-0110,en,Wow! Your teeth are shining like pearls!
hi-0118,hi,Waah! Daant motiyon jaise chamak rahe hain!
hi-0119,hi,नहाना
en-0111,en,Bath time
hi-0120,hi,Nahaana
hi-0121,hi,"छपाक-छपाक! नहाकर तन भी ताज़ा, मन भी ताज़ा।"
en-0112,en,Splish-splash! A bath makes you feel fresh.
hi-0122,hi,Chhapaak-chhapaak! Nahaakar sab fresh.
hi-0123,hi,क्या तुमने नहा लिया?
en-0113,en,Did you have your bath?
hi-0124,hi,Kya tumne naha liya?
hi-0125,hi,आहा! कितनी अच्छी खुशबू आ रही है!
en-0114,en,Aha! You smell so nice!
hi-0126,hi,Aha! Kitni achhi khushboo aa rahi hai!
hi-0127,hi,नाश्ता
en-0115,en,Breakfast
hi-0128,hi,Naashta
hi-0129,hi,"आठ बजे नाश्ता — पेट भरा, तो दिन भर ताक़त!"
en-0116,en,Breakfast at eight — a full tummy gives energy all day!
hi-0130,hi,"Aath baje naashta — pet bhara, to din bhar taakat!"
hi-0131,hi,क्या तुमने नाश्ता किया?
en-0117,en,Did you eat your breakfast?
hi-0132,hi,Kya tumne naashta kiya?
hi-0133,hi,बढ़िया! अब तुम्हारे अंदर ढेर सारी ताक़त है!
en-0118,en,Great! Now you have lots of energy!
hi-0134,hi,Badhiya! Ab tumhare andar dher saari taakat hai!
hi-0135,hi,स्कूल / पढ़ाई
en-0119,en,School / learning
hi-0136,hi,School / padhaai
hi-0137,hi,नौ बजे स्कूल या पढ़ाई — रोज़ कुछ नया सीखेंगे!
en-0120,en,School or learning at nine — something new every day!
hi-0138,hi,Nau baje school ya padhaai — roz kuch naya seekhenge!
hi-0139,hi,क्या तुमने आज कुछ नया सीखा?
en-0121,en,Did you learn something new today?
hi-0140,hi,Kya tumne aaj kuch naya seekha?
hi-0141,hi,शाबाश! तुम्हारा दिमाग़ और तेज़ हो गया!
en-0122,en,Well done! Your brain just grew stronger!
hi-0142,hi,Shabaash! Tumhara dimaag aur tez ho gaya!
hi-0143,hi,खेल
en-0123,en,Play
hi-0144,hi,Khel
hi-0145,hi,"पढ़ाई के बाद थोड़ा खेल — दौड़ो, कूदो, हँसो!"
en-0124,en,"A little play after learning — run, jump and laugh!"
hi-0146,hi,"Padhaai ke baad thoda khel — daudo, koodo, hanso!"
hi-0147,hi,क्या तुमने खेला?
en-0125,en,Did you play?
hi-0148,hi,Kya tumne khela?
hi-0149,hi,वाह! खेलने से शरीर मज़बूत होता है!
en-0126,en,Yay! Playing makes your body strong!
hi-0150,hi,Waah! Khelne se body strong hoti hai!
hi-0151,hi,खाना
en-0127,en,Lunch
hi-0152,hi,Khaana
hi-0153,hi,"दोपहर एक बजे — दाल, चावल, सब्ज़ी। हाथ धोकर खाना!"
en-0128,en,"One o'clock — dal, rice and veggies. Wash hands, then eat!"
hi-0154,hi,"Dopahar ek baje — dal, chawal, sabzi. Haath dhokar khaana!"
hi-0155,hi,क्या तुमने खाना खाया?
en-0129,en,Did you eat your lunch?
hi-0156,hi,Kya tumne khaana khaaya?
hi-0157,hi,"शाबाश! अब पेट भी ख़ुश, तुम भी ख़ुश!"
en-0130,en,"Well done! Happy tummy, happy you!"
hi-0158,hi,"Shabaash! Pet bhi khush, tum bhi khush!"
hi-0159,hi,आराम
en-0131,en,Rest
hi-0160,hi,Aaraam
hi-0161,hi,"दो बजे थोड़ा आराम — आँखें बंद, शरीर ढीला।"
en-0132,en,"Rest at two — eyes closed, body soft and floppy."
hi-0162,hi,"Do baje thoda aaraam — aankhein band, body dheeli."
hi-0163,hi,क्या तुमने थोड़ा आराम किया?
en-0133,en,Did you rest a little?
hi-0164,hi,Kya tumne thoda aaraam kiya?
hi-0165,hi,बढ़िया! आराम के बाद फिर से ताज़ा!
en-0134,en,Lovely! Fresh again after a rest!
hi-0166,hi,Badhiya! Aaraam ke baad phir se fresh!
hi-0167,hi,शाम का खेल
en-0135,en,Evening play
hi-0168,hi,Shaam ka khel
hi-0169,hi,"शाम पाँच बजे — बाहर खेलने चलो! झूला, गेंद, पकड़म-पकड़ाई।"
en-0136,en,"Five in the evening — let's play outside! Swings, ball, tag."
hi-0170,hi,"Shaam paanch baje — bahar khelne chalo! Jhoola, ball, pakdam-pakdaai."
hi-0171,hi,क्या तुमने बाहर खेला?
en-0137,en,Did you play outside?
hi-0172,hi,Kya tumne bahar khela?
hi-0173,hi,वाह! ताज़ी हवा में खेलना सबसे मज़ेदार!
en-0138,en,Yay! Playing in fresh air is the best!
hi-0174,hi,Waah! Fresh hawa mein khelna sabse mazedaar!
hi-0175,hi,पढ़ाई / कहानी
en-0139,en,Study / story
hi-0176,hi,Padhaai / kahaani
hi-0177,hi,शाम सात बजे — थोड़ी पढ़ाई या एक प्यारी कहानी।
en-0140,en,Seven in the evening — a little study or a lovely story.
hi-0178,hi,Shaam saat baje — thodi padhaai ya ek pyaari kahaani.
hi-0179,hi,क्या तुमने कहानी सुनी या थोड़ी पढ़ाई की?
en-0141,en,Did you hear a story or study a little?
hi-0180,hi,Kya tumne kahaani suni ya thodi padhaai ki?
hi-0181,hi,शाबाश! कहानियाँ हमें बहुत कुछ सिखाती हैं।
en-0142,en,Well done! Stories teach us so much.
hi-0182,hi,Shabaash! Kahaaniyaan humein bahut kuch sikhaati hain.
hi-0183,hi,रात का खाना
en-0143,en,Dinner
hi-0184,hi,Raat ka khaana
hi-0185,hi,रात आठ बजे — सब साथ बैठकर खाना खाएँगे।
en-0144,en,Eight at night — we all eat dinner together.
hi-0186,hi,Raat aath baje — sab saath baithkar khaana khaayenge.
hi-0187,hi,क्या तुमने रात का खाना खाया?
en-0145,en,Did you eat your dinner?
hi-0188,hi,Kya tumne raat ka khaana khaaya?
hi-0189,hi,बढ़िया! साथ में खाना खाने में कितना मज़ा!
en-0146,en,Great! Eating together is so much fun!
hi-0190,hi,Badhiya! Saath mein khaana khaane mein kitna mazaa!
hi-0191,hi,सोना
en-0147,en,Sleep
hi-0192,hi,Sona
hi-0193,hi,"रात नौ बजे — ब्रश, कहानी और फिर मीठी नींद।"
en-0148,en,"Nine at night — brush, a story, then sweet sleep."
hi-0194,hi,"Raat nau baje — brush, kahaani aur phir meethi neend."
hi-0195,hi,क्या तुमने सोने की तैयारी कर ली?
en-0149,en,Are you ready for bed?
hi-0196,hi,Kya tumne sone ki taiyaari kar li?
hi-0197,hi,"शाबाश! अब फ़ोन रख दो, आँखें बंद… मीठे सपने!"
en-0150,en,"Well done! Now put the phone away, close your eyes… sweet dreams!"
hi-0198,hi,"Shabaash! Ab phone rakh do, aankhein band… meethe sapne!"
hi-0199,hi,पानी पिया
en-0151,en,Drank water
hi-0200,hi,Paani piya
hi-0201,hi,गट-गट-गट! पानी से शरीर ताज़ा रहता है।
en-0152,en,Gulp-gulp! Water keeps your body fresh.
hi-0202,hi,Gat-gat-gat! Paani se body fresh rehti hai.
hi-0203,hi,मदद की
en-0153,en,Helped someone
hi-0204,hi,Madad ki
hi-0205,hi,वाह! मदद करने वाले बच्चे सबको प्यारे लगते हैं।
en-0154,en,Wow! Helping makes everyone happy.
hi-0206,hi,Waah! Madad karne waale bachche sabko pyaare lagte hain.
hi-0207,hi,सूरज उगना
en-0155,en,Sunrise
hi-0208,hi,सूरज तो सुबह-सुबह उगता है!
en-0156,en,The sun rises in the morning!
hi-0209,hi,मुर्गे की कुकड़ूँ-कूँ
en-0157,en,Rooster's cock-a-doodle-doo
hi-0210,hi,मुर्गा सुबह-सुबह कुकड़ूँ-कूँ करके सबको जगाता है!
en-0158,en,The rooster crows in the morning to wake everyone!
hi-0211,hi,नाश्ता हम सुबह करते हैं।
en-0159,en,We eat breakfast in the morning.
hi-0212,hi,स्कूल जाना
en-0160,en,Going to school
hi-0213,hi,"स्कूल सुबह जाते हैं, बस्ता लेकर!"
en-0161,en,"We go to school in the morning, with our bag!"
en-0162,en,Bath
hi-0214,hi,सुबह नहाकर दिन ताज़ा शुरू होता है।
en-0163,en,A morning bath starts the day fresh.
hi-0215,hi,फूल खिलना
en-0164,en,Flowers opening
hi-0216,hi,सूरजमुखी सुबह सूरज को देखकर खिलता है।
en-0165,en,The sunflower opens up to the morning sun.
hi-0217,hi,चाँद
en-0166,en,The moon
hi-0218,hi,चाँद मामा रात को आते हैं!
en-0167,en,The moon comes out at night!
hi-0219,hi,तारे
en-0168,en,Stars
hi-0220,hi,तारे रात को टिमटिमाते हैं।
en-0169,en,Stars twinkle at night.
en-0170,en,Owl
hi-0222,hi,उल्लू रात को जागता है और दिन में सोता है!
en-0171,en,The owl is awake at night and sleeps in the day!
en-0172,en,Sleeping
hi-0223,hi,रात को हम मीठी नींद सोते हैं।
en-0173,en,We sleep sweetly at night.
hi-0224,hi,रात का खाना तो रात में ही होता है!
en-0174,en,Dinner is eaten at night!
hi-0096,hi,बिस्तर
en-0175,en,Bed
hi-0225,hi,रात को हम बिस्तर पर सोने जाते हैं।
en-0176,en,At night we go to bed.
hi-0226,hi,चिंकी का घोंसला
en-0177,en,Chinki's Nest
hi-0227,hi,यह चिंकी गौरैया है। चिंकी ची-ची करके गाती है।
en-0178,en,This is Chinki the sparrow. She sings chee-chee.
hi-0228,hi,"एक दिन माँ बोली, “चिंकी, कुछ दिनों में बारिश आएगी।”"
en-0179,en,"One day her mother said, “Chinki, the rain will come in a few days.”"
hi-0229,hi,"चिंकी ने सोचा, “तो मैं आज से ही घोंसला बनाना शुरू करती हूँ।”"
en-0180,en,"Chinki thought, “Then I will start building my nest today.”"
hi-0230,hi,"रोज़ सुबह वह थोड़े-थोड़े तिनके लाती। एक तिनका, दो तिनके, तीन तिनके!"
en-0181,en,"Every morning she brought a few straws. One straw, two straws, three straws!"
hi-0231,hi,"मिट्ठू तोता बोला, “आओ, सारा दिन खेलें!” चिंकी मुस्कुराई, “पहले काम, फिर खेल। शाम को खेलेंगे!”"
en-0182,en,"Mitthu the parrot said, “Let's play all day!” Chinki smiled, “Work first, then play. We'll play in the evening!”"
hi-0232,hi,"कुछ ही दिनों में घोंसला तैयार हो गया — गोल, गरम और मज़बूत।"
en-0183,en,"In a few days the nest was ready — round, warm and strong."
hi-0233,hi,फिर आई झमाझम बारिश! चिंकी अपने घोंसले में आराम से बैठी रही।
en-0184,en,Then came the pouring rain! Chinki sat snug in her nest.
hi-0234,hi,"भीगा हुआ मिट्ठू आया। चिंकी बोली, “अंदर आ जाओ, दोस्त!” बारिश के बाद दोनों ने इंद्रधनुष देखा।"
en-0185,en,"Mitthu came by, all wet. Chinki said, “Come in, friend!” After the rain they watched a rainbow together."
hi-0235,hi,चिंकी ने घोंसला कब बनाया?
en-0186,en,When did Chinki build her nest?
hi-0236,hi,बारिश से पहले
en-0187,en,Before the rain
hi-0237,hi,बारिश में
en-0188,en,In the rain
hi-0238,hi,चिंकी रोज़ क्या लाती थी?
en-0189,en,What did Chinki bring every day?
hi-0239,hi,टॉफ़ी
en-0190,en,Sweets
hi-0240,hi,तिनके
en-0191,en,Straws
hi-0097,hi,गेंद
en-0192,en,A ball
hi-0241,hi,आज अपने खिलौने उनकी जगह पर रखो — जैसे चिंकी ने अपना घर सँवारा!
en-0193,en,Today put your toys back in their place — just like Chinki took care of her home!
hi-0242,hi,गोलू हाथी की दौड़
en-0194,en,Golu's Morning Race
hi-0243,hi,जंगल में एक छोटा हाथी रहता था — गोलू।
en-0195,en,A little elephant named Golu lived in the forest.
hi-0244,hi,"मोर ने सबको बताया, “कल सुबह जंगल में दौड़ होगी!”"
en-0196,en,"The peacock told everyone, “Tomorrow morning there will be a race in the forest!”"
hi-0245,hi,"रात को भोलू बंदर बोला, “गोलू, चलो देर तक नाचते हैं!”"
en-0197,en,"At night Bholu the monkey said, “Golu, let's dance till late!”"
hi-0246,hi,"गोलू बोला, “नहीं भोलू, अब सोने का समय है। कल दौड़ है!” और वह समय पर सो गया।"
en-0198,en,"Golu said, “No Bholu, it's time to sleep. The race is tomorrow!” And he went to sleep on time."
hi-0247,hi,सुबह गोलू उठा तो एकदम ताज़ा! उसने पानी पिया और सूँड़ हिलाई।
en-0199,en,In the morning Golu woke up feeling fresh! He drank water and waved his trunk.
hi-0248,hi,"पर भोलू की आँखें नींद से भारी थीं। “उफ़्फ़, मुझे तो नींद आ रही है!”"
en-0200,en,"But Bholu's eyes were heavy. “Oof, I'm so sleepy!”"
hi-0249,hi,दौड़ शुरू! गोलू धम-धम दौड़ा और सबसे पहले पहुँचा।
en-0201,en,The race began! Golu ran thump-thump and got there first.
hi-0250,hi,"गोलू ने भोलू का हाथ पकड़ा, “आज रात हम दोनों समय पर सोएँगे, और कल साथ दौड़ेंगे!”"
en-0202,en,"Golu held Bholu's hand, “Tonight we'll both sleep on time, and tomorrow we'll race together!”"
hi-0251,hi,गोलू दौड़ में सबसे पहले क्यों पहुँचा?
en-0203,en,Why did Golu get there first?
hi-0252,hi,वह समय पर सोया था
en-0204,en,He slept on time
hi-0253,hi,उसने देर तक टीवी देखा
en-0205,en,He watched TV till late
hi-0254,hi,"रात को सोने का समय हो, तो क्या करें?"
en-0206,en,"When it's bedtime at night, what do we do?"
hi-0255,hi,देर तक नाचें
en-0207,en,Dance till late
hi-0256,hi,सो जाएँ
en-0208,en,Go to sleep
hi-0257,hi,आज रात गोलू की तरह सबको “शुभ रात्रि” बोलो और समय पर सो जाओ।
en-0209,en,"Tonight say “good night” to everyone like Golu, and sleep on time."
hi-0258,hi,चीनू चींटी और टिंकू टिड्डा
en-0210,en,Cheenu the Ant and Tinku the Grasshopper
hi-0259,hi,गर्मी के दिन थे। चीनू चींटी रोज़ दाने इकट्ठे करती थी।
en-0211,en,It was summer. Cheenu the ant gathered grain every day.
hi-0260,hi,टिंकू टिड्डा सारा दिन गाना गाता — “टिन-टिन-टिन!”
en-0212,en,Tinku the grasshopper sang all day — “tin-tin-tin!”
hi-0261,hi,"चीनू बोली, “टिंकू, थोड़ा गाओ, थोड़े दाने भी जमा करो। सर्दी आने वाली है।”"
en-0213,en,"Cheenu said, “Tinku, sing a little and store a little grain too. Winter is coming.”"
hi-0262,hi,"टिंकू हँसा, “अरे, अभी तो बहुत समय है!”"
en-0214,en,"Tinku laughed, “Oh, there's lots of time!”"
hi-0263,hi,फिर आई ठंडी-ठंडी सर्दी। टिंकू के पास खाने को कुछ नहीं था। उसे भूख लगी।
en-0215,en,Then the cold winter came. Tinku had nothing to eat. He was hungry.
hi-0264,hi,"चीनू ने दरवाज़ा खोला, “आओ टिंकू, हमारे पास सबके लिए दाने हैं।”"
en-0216,en,"Cheenu opened the door, “Come in, Tinku, we have grain for everyone.”"
hi-0265,hi,टिंकू ने सबके लिए मीठा गाना गाया। सारी चींटियाँ ख़ुश होकर नाचीं।
en-0217,en,Tinku sang a sweet song for everyone. All the ants danced happily.
hi-0266,hi,अगली गर्मी में टिंकू ने गाना भी गाया और चीनू के साथ दाने भी जमा किए।
en-0218,en,Next summer Tinku sang AND gathered grain with Cheenu.
hi-0267,hi,सर्दी से पहले चीनू ने क्या किया?
en-0219,en,What did Cheenu do before winter?
hi-0268,hi,दाने जमा किए
en-0220,en,Stored grain
hi-0269,hi,सारा दिन सोई
en-0221,en,Slept all day
hi-0270,hi,अगली गर्मी में टिंकू ने क्या किया?
en-0222,en,What did Tinku do the next summer?
hi-0271,hi,सिर्फ़ गाना
en-0223,en,Only sang
hi-0272,hi,"गाना भी, काम भी"
en-0224,en,Sang and worked too
hi-0273,hi,आज घर में किसी बड़े की एक छोटी-सी मदद करो — जैसे चीनू और टिंकू ने मिलकर काम किया।
en-0225,en,Today help a grown-up at home with one small job — like Cheenu and Tinku worked together.
hi-0274,hi,दाँत दादा
en-0226,en,Grandpa Tooth
hi-0275,hi,"रोहन को नींद आ रही थी। उसने सोचा, “आज ब्रश नहीं करूँगा।”"
en-0227,en,"Rohan was sleepy. He thought, “I won't brush today.”"
hi-0276,hi,"तभी एक छोटी-सी चमकती आवाज़ आई, “नमस्ते रोहन! मैं हूँ दाँत दादा।”"
en-0228,en,"Just then a tiny, twinkly voice said, “Hello Rohan! I am Grandpa Tooth.”"
hi-0277,hi,"“दिन भर जो खाया, उसके छोटे टुकड़े दाँतों में छिपे हैं। रात को वे कीटाणु बनकर ऊधम मचाते हैं!”"
en-0229,en,“Little bits of what you ate are hiding in your teeth. At night they turn into germs and make mischief!”
hi-0278,hi,"रोहन उछला, “तो मैं उन्हें भगा दूँगा!” उसने ब्रश पर थोड़ा-सा पेस्ट लगाया।"
en-0230,en,"Rohan jumped up, “Then I'll chase them away!” He put a little paste on his brush."
hi-0279,hi,"ऊपर-नीचे, आगे-पीछे, गोल-गोल! रोहन ने अच्छे से ब्रश किया।"
en-0231,en,"Up and down, front and back, round and round! Rohan brushed really well."
hi-0280,hi,"दाँत दादा मुस्कुराए, “देखो, सारे दाँत मोतियों जैसे चमक रहे हैं!”"
en-0232,en,"Grandpa Tooth smiled, “Look, all your teeth are shining like pearls!”"
hi-0281,hi,उस दिन से रोहन दो बार ब्रश करता है — सुबह भी और रात को भी।
en-0233,en,Since that day Rohan brushes twice — in the morning and at night.
hi-0282,hi,"अब रोहन हँसता है तो सब कहते हैं, “कितनी चमकदार मुस्कान!”"
en-0234,en,"Now when Rohan laughs, everyone says, “What a shiny smile!”"
hi-0283,hi,रोहन दिन में कितनी बार ब्रश करता है?
en-0235,en,How many times a day does Rohan brush?
hi-0284,hi,दो बार — सुबह और रात
en-0236,en,Twice — morning and night
hi-0285,hi,कभी नहीं
en-0237,en,Never
hi-0286,hi,ब्रश करने के बाद दाँत कैसे हो गए?
en-0238,en,How were the teeth after brushing?
hi-0287,hi,गंदे
en-0239,en,Dirty
hi-0288,hi,चमकदार
en-0240,en,Shiny
hi-0289,hi,आज रात ब्रश करते समय गोल-गोल ब्रश घुमाओ और दाँत दादा को “नमस्ते” बोलो!
en-0241,en,"Tonight, brush round and round and say “hello” to Grandpa Tooth!"
hi-0290,hi,मीरा की तस्वीर
en-0242,en,Meera's Picture
hi-0291,hi,मीरा को चित्र बनाना बहुत अच्छा लगता है। आज वह एक बड़ा सूरज बना रही है।
en-0243,en,Meera loves to draw. Today she is drawing a big sun.
hi-0292,hi,"तभी खिड़की पर एक तितली आई। मीरा ने देखा… फिर बोली, “पहले मेरा सूरज!”"
en-0244,en,"Just then a butterfly came to the window. Meera looked… then said, “My sun first!”"
hi-0293,hi,"उसने सूरज में पीला रंग भरा — धीरे-धीरे, ध्यान से।"
en-0245,en,She coloured the sun yellow — slowly and carefully.
hi-0294,hi,"फिर मोती कुत्ता गेंद लेकर आया, “भौं-भौं, खेलो!”"
en-0246,en,"Then Moti the dog brought a ball, “Woof-woof, play!”"
hi-0295,hi,"मीरा बोली, “मोती, बस थोड़ी देर। तस्वीर पूरी करके खेलेंगे।”"
en-0247,en,"Meera said, “Moti, just a little while. We'll play when my picture is done.”"
hi-0296,hi,"उसने एक पेड़ बनाया, एक घर बनाया और एक सुंदर इंद्रधनुष भी!"
en-0248,en,"She drew a tree, a house and a beautiful rainbow too!"
hi-0297,hi,तस्वीर पूरी हो गई! माँ ने उसे दीवार पर लगा दिया।
en-0249,en,The picture was finished! Mother put it up on the wall.
hi-0298,hi,"फिर मीरा और मोती ने बगीचे में ख़ूब खेला। काम पूरा हुआ, तो खेल में और भी मज़ा आया!"
en-0250,en,"Then Meera and Moti played and played in the garden. With the work done, playing was even more fun!"
hi-0299,hi,"तितली आई, तो मीरा ने क्या किया?"
en-0251,en,"When the butterfly came, what did Meera do?"
hi-0300,hi,तस्वीर छोड़ दी
en-0252,en,Left her picture
hi-0301,hi,तस्वीर पूरी की
en-0253,en,Finished her picture
hi-0302,hi,मीरा ने सबसे पहले क्या बनाया?
en-0254,en,What did Meera draw first?
hi-0303,hi,सूरज
en-0255,en,The sun
hi-0304,hi,गाड़ी
en-0256,en,A car
en-0257,en,A fish
hi-0305,hi,"आज एक तस्वीर बनाओ, उसे पूरा करो और किसी बड़े को दिखाओ।"
en-0258,en,"Today draw a picture, finish it, and show it to a grown-up."
hi-0306,hi,कुकू और चीकू स्कूल में
en-0259,en,Kuku and Cheeku at School
hi-0307,hi,जंगल के स्कूल में कुकू कछुआ और चीकू खरगोश साथ पढ़ते थे।
en-0260,en,Kuku the turtle and Cheeku the rabbit went to the forest school together.
hi-0308,hi,"उल्लू दीदी बोलीं, “आज हम गिनती सीखेंगे — एक से पाँच तक!”"
en-0261,en,"Owl Didi said, “Today we'll learn to count — from one to five!”"
hi-0309,hi,चीकू खिड़की से बाहर तितली देखने लगा।
en-0262,en,Cheeku started watching a butterfly outside the window.
hi-0310,hi,"कुकू ने ध्यान से सुना — “एक, दो, तीन, चार, पाँच!”"
en-0263,en,"Kuku listened carefully — “one, two, three, four, five!”"
hi-0311,hi,"उल्लू दीदी ने पूछा, “बताओ, पेड़ पर कितने आम हैं?”"
en-0264,en,"Owl Didi asked, “Tell me, how many mangoes are on the tree?”"
hi-0312,hi,"कुकू ने धीरे-धीरे गिना, “एक, दो, तीन… तीन आम!” “शाबाश, कुकू!”"
en-0265,en,"Kuku counted slowly, “One, two, three… three mangoes!” “Well done, Kuku!”"
hi-0313,hi,"चीकू बोला, “मुझे भी सिखाओ ना!” कुकू ने प्यार से उसके साथ गिनती की।"
en-0266,en,"Cheeku said, “Please teach me too!” Kuku happily counted with him."
hi-0314,hi,छुट्टी में चीकू ने कुकू को तेज़ दौड़ना सिखाया। दोनों पक्के दोस्त बन गए!
en-0267,en,At playtime Cheeku taught Kuku to run fast. They became best friends!
hi-0315,hi,उल्लू दीदी की बात किसने ध्यान से सुनी?
en-0268,en,Who listened carefully to Owl Didi?
hi-0316,hi,कुकू कछुआ
en-0269,en,Kuku the turtle
hi-0317,hi,चीकू खरगोश
en-0270,en,Cheeku the rabbit
hi-0318,hi,पेड़ पर कितने आम थे?
en-0271,en,How many mangoes were on the tree?
hi-0322,hi,आज घर में कोई तीन चीज़ें गिनो — जैसे तीन चम्मच या तीन जूते!
en-0275,en,Today count three things at home — like three spoons or three shoes!
hi-0323,hi,नन्हा बीज
en-0276,en,The Little Seed
hi-0324,hi,दादी ने अमन को एक छोटा-सा बीज दिया।
en-0277,en,Grandma gave Aman a tiny seed.
hi-0325,hi,अमन ने उसे गमले में बोया और थोड़ा पानी डाला।
en-0278,en,Aman planted it in a pot and gave it a little water.
hi-0326,hi,"अगली सुबह अमन दौड़कर आया, “अरे! अभी तक कुछ नहीं उगा?”"
en-0279,en,"Next morning Aman ran to look, “Oh! Nothing has grown yet?”"
hi-0327,hi,"दादी हँसीं, “बीज रोज़ थोड़ा-थोड़ा बढ़ता है, मिट्टी के अंदर। धीरज रखो।”"
en-0280,en,"Grandma laughed, “A seed grows a little every day, under the soil. Be patient.”"
hi-0328,hi,अमन रोज़ सुबह पानी डालता और गमले को धूप में रखता।
en-0281,en,Every morning Aman watered it and put the pot in the sun.
hi-0329,hi,एक दिन मिट्टी से एक नन्हा हरा पत्ता झाँका!
en-0282,en,One day a tiny green leaf peeped out of the soil!
hi-0330,hi,"रोज़ थोड़ा-थोड़ा… पत्ते बढ़ते गए, पौधा बड़ा होता गया।"
en-0283,en,"A little every day… more leaves came, and the plant grew bigger."
hi-0331,hi,"और एक सुबह — पीला फूल खिल गया! अमन बोला, “रोज़ थोड़ा-थोड़ा, और देखो कितना सुंदर!”"
en-0284,en,"And one morning — a yellow flower bloomed! Aman said, “A little every day, and look how beautiful!”"
hi-0332,hi,बीज कैसे बढ़ता है?
en-0285,en,How does a seed grow?
hi-0333,hi,रोज़ थोड़ा-थोड़ा
en-0286,en,A little every day
hi-0334,hi,एक ही पल में
en-0287,en,All at once
hi-0335,hi,पौधे को बढ़ने के लिए क्या चाहिए?
en-0288,en,What does a plant need to grow?
hi-0336,hi,चॉकलेट
en-0289,en,Chocolate
hi-0337,hi,धूप और पानी
en-0290,en,Sun and water
hi-0338,hi,आज किसी पौधे को थोड़ा पानी दो — और रोज़ देखो वह कैसे बढ़ता है।
en-0291,en,"Today give a plant a little water — and watch it grow, day by day."
hi-0339,hi,आर्या का सपना
en-0292,en,Arya's Dream
hi-0340,hi,"आर्या डॉक्टर बनना चाहती है। वह अपने भालू की जाँच करती है, “आ… बोलो!”"
en-0293,en,"Arya wants to be a doctor. She checks her teddy, “Say aah!”"
hi-0341,hi,"एक दिन वह डॉक्टर नसरीन से मिली। “आंटी, मैं डॉक्टर कैसे बनूँ?”"
en-0294,en,"One day she met Doctor Nasreen. “Auntie, how can I become a doctor?”"
hi-0342,hi,"डॉक्टर नसरीन मुस्कुराईं, “रोज़ थोड़ा-थोड़ा सीखो। डॉक्टर भी रोज़ कुछ नया पढ़ते हैं।”"
en-0295,en,"Doctor Nasreen smiled, “Learn a little every day. Doctors read something new every day too.”"
hi-0343,hi,"“और अपना ध्यान रखो — अच्छा खाना, पानी और समय पर नींद।”"
en-0296,en,"“And take care of yourself — good food, water and sleep on time.”"
hi-0344,hi,"आर्या ने रोज़ थोड़ी गिनती सीखी, थोड़े अक्षर सीखे।"
en-0297,en,Every day Arya learned a little counting and a few letters.
hi-0345,hi,एक दिन भाई के घुटने पर चोट लगी। आर्या ने हाथ धोए और पट्टी लाने में माँ की मदद की।
en-0298,en,One day her brother hurt his knee. Arya washed her hands and helped Mother bring a bandage.
hi-0346,hi,"भाई मुस्कुराया, “तुम तो अभी से छोटी डॉक्टर हो!”"
en-0299,en,"Her brother smiled, “You're a little doctor already!”"
hi-0347,hi,"रात को आर्या ने सोचा, “रोज़ थोड़ा-थोड़ा सीखूँगी, और एक दिन डॉक्टर बनूँगी!”"
en-0300,en,"That night Arya thought, “I'll learn a little every day, and one day I'll be a doctor!”"
hi-0348,hi,डॉक्टर बनने के लिए आर्या रोज़ क्या करती है?
en-0301,en,What does Arya do every day to become a doctor?
hi-0349,hi,थोड़ा सीखती है
en-0302,en,Learns a little
hi-0350,hi,सारा दिन टीवी
en-0303,en,Watches TV all day
hi-0351,hi,आर्या ने भाई की मदद कैसे की?
en-0304,en,How did Arya help her brother?
hi-0352,hi,गेंद फेंककर
en-0305,en,By throwing a ball
hi-0353,hi,पट्टी लाकर
en-0306,en,By bringing a bandage
hi-0354,hi,आज घर में किसी को बताओ — बड़े होकर तुम्हारा क्या सपना है?
en-0307,en,Today tell someone at home — what is your dream for when you grow up?
hi-0355,hi,मिंटू और सूरज घड़ी
en-0308,en,Mintu and the Sun Clock
hi-0356,hi,मिंटू बंदर को कभी पता ही नहीं चलता था कि कब क्या करना है।
en-0309,en,Mintu the monkey never knew when to do what.
hi-0357,hi,वह आधी रात को केले खाता और दोपहर में सो जाता!
en-0310,en,He ate bananas at midnight and slept at noon!
hi-0358,hi,"उल्लू नानी बोलीं, “मिंटू, सूरज को देखो। सूरज हमारी घड़ी है।”"
en-0311,en,"Owl Nani said, “Mintu, look at the sun. The sun is our clock.”"
hi-0359,hi,"“सूरज उगे — तो उठो, मुँह धोओ और नाश्ता करो।”"
en-0312,en,"“When the sun rises — wake up, wash your face and eat breakfast.”"
hi-0360,hi,"“सूरज सिर के ऊपर — तो खाना खाओ, खेलो और सीखो।”"
en-0313,en,"“When the sun is high — eat lunch, play and learn.”"
hi-0361,hi,“सूरज ढले — तो घर आओ और कहानी सुनो।”
en-0314,en,“When the sun goes down — come home and listen to a story.”
hi-0362,hi,“और चाँद-तारे आएँ — तो मीठी नींद सो जाओ।”
en-0315,en,“And when the moon and stars come out — have a sweet sleep.”
hi-0363,hi,अब मिंटू रोज़ सूरज को देखता है। वह दिन भर ताज़ा रहता है और ख़ूब खेलता है!
en-0316,en,Now Mintu watches the sun every day. He feels fresh all day and plays a lot!
hi-0364,hi,"सूरज उगे, तो क्या करें?"
en-0317,en,"When the sun rises, what do we do?"
hi-0365,hi,उठें और नाश्ता करें
en-0318,en,Wake up and eat breakfast
hi-0366,hi,"चाँद-तारे आएँ, तो क्या करें?"
en-0319,en,"When the moon and stars come out, what do we do?"
hi-0367,hi,केले खाएँ
en-0320,en,Eat bananas
hi-0368,hi,आज खिड़की से बाहर देखो — सूरज है या चाँद? अभी दिन है या रात?
en-0321,en,Today look out of the window — is it the sun or the moon? Is it day or night?
hi-0369,hi,पीहू और चंदा मामा
en-0322,en,Pihu and the Moon
hi-0370,hi,"पीहू का कमरा खिलौनों से भरा था — भालू, गाड़ी, पज़ल, गेंद!"
en-0323,en,"Pihu's room was full of toys — teddy, car, puzzle, ball!"
hi-0371,hi,"खिड़की से चंदा मामा ने झाँका, “पीहू, सोने का समय हो गया!”"
en-0324,en,"The Moon peeped through the window, “Pihu, it's time for bed!”"
hi-0372,hi,"भालू बोला, “पर मैं फ़र्श पर कैसे सोऊँ? मुझे अपने डिब्बे में जाना है।”"
en-0325,en,"Teddy said, “But how can I sleep on the floor? I want to go to my box.”"
hi-0373,hi,"पीहू बोली, “चलो, खेल-खेल में सबको घर पहुँचाते हैं!”"
en-0326,en,"Pihu said, “Let's make it a game and take everyone home!”"
hi-0374,hi,“गाड़ी — वूँ-वूँ — डिब्बे में! गेंद — टप-टप — टोकरी में!”
en-0327,en,“Car — vroom-vroom — into the box! Ball — bounce-bounce — into the basket!”
hi-0375,hi,"माँ ने भी मदद की। दोनों ने मिलकर पज़ल के टुकड़े गिने — एक, दो, तीन, चार!"
en-0328,en,"Mother helped too. Together they counted the puzzle pieces — one, two, three, four!"
hi-0376,hi,"कमरा साफ़! भालू ख़ुश, गाड़ी ख़ुश और पीहू भी ख़ुश।"
en-0329,en,"The room is tidy! Teddy is happy, the car is happy, and Pihu is happy too."
hi-0377,hi,"चंदा मामा मुस्कुराए, “शुभ रात्रि, पीहू!” और पीहू मीठी नींद सो गई।"
en-0330,en,"The Moon smiled, “Good night, Pihu!” And Pihu fell sweetly asleep."
hi-0378,hi,सोने से पहले पीहू ने क्या किया?
en-0331,en,What did Pihu do before bed?
hi-0379,hi,खिलौने समेटे
en-0332,en,Put her toys away
hi-0380,hi,टीवी देखा
en-0333,en,Watched TV
hi-0381,hi,पीहू की मदद किसने की?
en-0334,en,Who helped Pihu?
hi-0382,hi,हाथी ने
en-0335,en,An elephant
hi-0383,hi,माँ ने
en-0336,en,Mother
hi-0384,hi,आज सोने से पहले अपने खिलौनों को उनके “घर” पहुँचाओ!
en-0337,en,"Tonight before bed, take your toys back to their “homes”!"
hi-0385,hi,मुन्नी और पानी
en-0338,en,Munni and the Water
hi-0386,hi,मुन्नी धूप में ख़ूब खेल रही थी।
en-0339,en,Munni was playing and playing in the sun.
hi-0387,hi,थोड़ी देर में वह थक गई। “मुझे तो बहुत थकान लग रही है।”
en-0340,en,After a while she felt tired. “I feel so tired.”
hi-0388,hi,"उसने देखा, बगीचे का सूरजमुखी भी झुका हुआ था।"
en-0341,en,She saw that the sunflower in the garden was drooping too.
hi-0389,hi,माली काका ने फूल को पानी दिया। थोड़ी देर में फूल फिर से सीधा खड़ा हो गया!
en-0342,en,Gardener Kaka watered the flower. Soon it stood up straight again!
hi-0390,hi,"काका बोले, “मुन्नी, तुम्हें भी पानी चाहिए। हमारा शरीर भी पौधे जैसा है।”"
en-0343,en,"Kaka said, “Munni, you need water too. Our body is like a plant.”"
hi-0391,hi,मुन्नी ने गट-गट पानी पिया। “आहा! अब मैं फिर से ताज़ा हूँ!”
en-0344,en,Munni drank gulp-gulp. “Aha! Now I feel fresh again!”
hi-0392,hi,अब मुन्नी खेलते समय पानी की बोतल साथ रखती है — और सूरजमुखी को भी पानी देती है।
en-0345,en,Now Munni keeps her water bottle with her when she plays — and waters the sunflower too.
hi-0393,hi,थकी हुई मुन्नी ने क्या किया?
en-0346,en,What did tired Munni do?
hi-0394,hi,टॉफ़ी खाई
en-0347,en,Ate a sweet
hi-0395,hi,फूल फिर से सीधा कैसे हुआ?
en-0348,en,How did the flower stand up again?
hi-0396,hi,उसे पानी मिला
en-0349,en,It got water
hi-0397,hi,रात हो गई
en-0350,en,Night came
hi-0398,hi,आज खेलने के बाद एक गिलास पानी पियो!
en-0351,en,"Today, drink a glass of water after you play!"
hi-0003,hi,डॉक्टर
en-0002,en,Doctor
hi-0004,hi,डॉक्टर बीमार लोगों को ठीक करते हैं। वे दिल की धड़कन सुनते हैं और दवाई देते हैं।
en-0003,en,Doctors help sick people get well. They listen to heartbeats and give medicine.
hi-0005,hi,"डॉक्टर की तरह अपने दिल की धड़कन सुनो — हाथ सीने पर रखो। धक-धक, धक-धक!"
en-0004,en,"Like a doctor, feel your heartbeat — put your hand on your chest. Thump-thump, thump-thump!"
hi-0006,hi,डॉक्टर रोज़ थोड़ा-थोड़ा पढ़ते हैं। तुम भी रोज़ कुछ नया सीखो!
en-0005,en,Doctors read a little every day. You can learn something new every day too!
hi-0007,hi,किसान
en-0006,en,Farmer
hi-0008,hi,"किसान खेत में बीज बोते हैं। हम जो अनाज और सब्ज़ियाँ खाते हैं, वे किसान ही उगाते हैं।"
en-0007,en,Farmers plant seeds in the fields. They grow the grain and vegetables we eat.
hi-0009,hi,"किसान की तरह बीज बोओ — झुको, मिट्टी खोदो, बीज डालो और पानी दो!"
en-0008,en,"Plant seeds like a farmer — bend down, dig, drop the seed and water it!"
hi-0010,hi,किसान रात को जल्दी सोते हैं और सूरज के साथ सुबह जल्दी उठते हैं।
en-0009,en,Farmers sleep early and wake up early with the sun.
hi-0011,hi,शिक्षक
en-0010,en,Teacher
hi-0012,hi,"शिक्षक बच्चों को पढ़ना, लिखना और गिनना सिखाते हैं। वे बहुत प्यार से समझाते हैं।"
en-0011,en,"Teachers help children read, write and count. They explain things kindly."
hi-0013,hi,"टीचर बनो! अपने खिलौनों को गिनती सिखाओ — एक, दो, तीन, चार, पाँच!"
en-0012,en,"Be a teacher! Teach your toys to count — one, two, three, four, five!"
hi-0014,hi,"टीचर रोज़ समय पर स्कूल पहुँचते हैं, ताकि कोई बच्चा इंतज़ार न करे।"
en-0013,en,"Teachers reach school on time every day, so no child has to wait."
hi-0015,hi,वैज्ञानिक
en-0014,en,Scientist
hi-0016,hi,वैज्ञानिक सवाल पूछते हैं — ऐसा क्यों होता है? फिर वे ध्यान से देखकर जवाब ढूँढ़ते हैं।
en-0015,en,Scientists ask questions — why does this happen? Then they look carefully to find the answer.
hi-0017,hi,पास की कोई चीज़ ध्यान से देखो। उसका रंग क्या है? वह भारी है या हल्की?
en-0016,en,Look carefully at something near you. What colour is it? Is it heavy or light?
hi-0018,hi,"वैज्ञानिक एक समय पर एक काम, पूरे ध्यान से करते हैं।"
en-0017,en,"Scientists do one thing at a time, with full attention."
hi-0019,hi,अंतरिक्ष यात्री
en-0018,en,Astronaut
hi-0020,hi,अंतरिक्ष यात्री रॉकेट में बैठकर तारों की ओर जाते हैं। वहाँ वे हवा में तैरते हैं!
en-0019,en,"Astronauts ride rockets up towards the stars. Up there, they float in the air!"
hi-0021,hi,"रॉकेट बनो! नीचे बैठो, गिनो — पाँच, चार, तीन, दो, एक — और ऊपर कूदो!"
en-0020,en,"Be a rocket! Crouch down, count — five, four, three, two, one — and jump up high!"
hi-0022,hi,अंतरिक्ष यात्री अच्छा खाना खाते हैं और रोज़ कसरत करते हैं।
en-0021,en,Astronauts eat healthy food and exercise every day.
hi-0023,hi,पायलट
en-0022,en,Pilot
hi-0024,hi,पायलट हवाई जहाज़ उड़ाते हैं। वे लोगों को दूर-दूर के शहरों तक ले जाते हैं।
en-0023,en,Pilots fly aeroplanes. They take people to faraway cities.
hi-0025,hi,दोनों हाथ फैलाओ और हवाई जहाज़ की तरह उड़ो — ज़ूँऊँऊँ!
en-0024,en,Spread your arms and fly like an aeroplane — zoooom!
hi-0026,hi,पायलट हर काम समय पर करते हैं — इसीलिए जहाज़ समय पर उड़ता है।
en-0025,en,Pilots do everything on time — that's why the plane leaves on time.
hi-0027,hi,इंजीनियर
en-0026,en,Engineer
hi-0028,hi,"इंजीनियर पुल, सड़कें, मशीनें और घर बनाते हैं। वे पहले सोचते हैं, फिर बनाते हैं।"
en-0027,en,"Engineers build bridges, roads, machines and houses. They think first, then build."
hi-0029,hi,"हाथों से ऊँची मीनार बनाओ — एक मुट्ठी के ऊपर दूसरी मुट्ठी, ऊपर, और ऊपर!"
en-0028,en,"Build a tall tower with your hands — one fist on top of the other, up and up!"
hi-0030,hi,इंजीनियर ध्यान से नापते हैं और काम पूरा करके ही उठते हैं।
en-0029,en,Engineers measure carefully and finish what they start.
hi-0031,hi,कलाकार
en-0030,en,Artist
hi-0032,hi,कलाकार रंगों से सुंदर चित्र बनाते हैं। वे दुनिया को रंगीन बनाते हैं।
en-0031,en,Artists make beautiful pictures with colours. They make the world colourful.
hi-0033,hi,"अपनी उँगली से हवा में एक बड़ा, गोल सूरज बनाओ!"
en-0032,en,Draw a big round sun in the air with your finger!
hi-0034,hi,"कलाकार रोज़ थोड़ा अभ्यास करते हैं, तभी चित्र इतने सुंदर बनते हैं।"
en-0033,en,Artists practise a little every day — that's how pictures get so beautiful.
hi-0035,hi,खिलाड़ी
en-0034,en,Athlete
hi-0036,hi,"खिलाड़ी दौड़ते हैं, कूदते हैं और खेलते हैं। वे अपनी टीम के साथ मिलकर खेलते हैं।"
en-0035,en,"Athletes run, jump and play. They play together with their team."
hi-0037,hi,अपनी जगह पर दौड़ो — टप-टप-टप! अब तीन बार ऊँचा कूदो!
en-0036,en,Run on the spot — tap-tap-tap! Now jump up high three times!
hi-0038,hi,"खिलाड़ी रात को समय पर सोते हैं, ताकि सुबह ताक़त से भरे रहें।"
en-0037,en,"Athletes go to sleep on time, so they're full of energy in the morning."
hi-0039,hi,पुलिस
en-0038,en,Police officer
hi-0040,hi,पुलिस वाले हम सबकी रक्षा करते हैं। वे सड़क पर सबको सुरक्षित रखते हैं।
en-0039,en,Police officers keep us all safe. They help everyone on the road stay safe.
hi-0041,hi,"सीधे खड़े हो जाओ, हाथ उठाओ और बोलो — “रुको!” अब हाथ हिलाकर — “चलो!”"
en-0040,en,"Stand up straight, raise your hand and say “Stop!” Now wave — “Go!”"
hi-0042,hi,पुलिस वाले नियम मानते हैं और समय पर ड्यूटी पर पहुँचते हैं।
en-0041,en,Police officers follow the rules and reach work on time.
hi-0043,hi,नर्स
en-0042,en,Nurse
hi-0044,hi,नर्स मरीज़ों का ध्यान रखते हैं। वे दवाई देते हैं और प्यार से बात करते हैं।
en-0043,en,Nurses take care of patients. They give medicine and talk kindly.
hi-0045,hi,"नर्स की तरह हाथ धोने का खेल करो — हथेली, उँगलियाँ, अँगूठा, सब गोल-गोल!"
en-0044,en,"Pretend to wash your hands like a nurse — palms, fingers, thumbs, all round and round!"
hi-0046,hi,"नर्स बार-बार हाथ धोते हैं, ताकि कीटाणु भाग जाएँ।"
en-0045,en,"Nurses wash their hands often, so germs run away."
hi-0047,hi,शेफ़
en-0046,en,Chef
hi-0048,hi,"शेफ़ स्वादिष्ट खाना बनाते हैं। वे दाल, सब्ज़ी और फल से सेहतमंद खाना पकाते हैं।"
en-0047,en,"Chefs cook tasty food. They make healthy meals with dal, vegetables and fruit."
hi-0049,hi,बड़ा चम्मच पकड़ो और कड़ाही में गोल-गोल चलाओ — छन-छन!
en-0048,en,Hold a big spoon and stir the pot round and round — sizzle-sizzle!
hi-0050,hi,शेफ़ जानते हैं — समय पर खाना खाने से ताक़त आती है।
en-0049,en,Chefs know — eating on time gives us energy.
hi-0051,hi,सैनिक
en-0050,en,Soldier
hi-0052,hi,सैनिक हमारे देश की रक्षा करते हैं। वे बहादुर होते हैं और एक-दूसरे का साथ देते हैं।
en-0051,en,Soldiers protect our country. They are brave and look after each other.
hi-0053,hi,"सीधे खड़े हो जाओ और कदमताल करो — लेफ़्ट, राइट, लेफ़्ट, राइट!"
en-0052,en,"Stand tall and march — left, right, left, right!"
hi-0054,hi,सैनिक सुबह जल्दी उठते हैं और अपना बिस्तर ख़ुद ठीक करते हैं।
en-0053,en,Soldiers wake up early and make their own beds.
hi-0055,hi,संगीतकार
en-0054,en,Musician
hi-0056,hi,"संगीतकार गाना गाते हैं। वे ढोलक, बाँसुरी और सितार बजाते हैं।"
en-0055,en,"Musicians sing songs. They play the drum, the flute and the sitar."
hi-0057,hi,"ताली से ताल बजाओ — ताली, ताली, रुको… ताली, ताली, रुको!"
en-0056,en,"Clap a beat — clap, clap, stop… clap, clap, stop!"
hi-0058,hi,"संगीतकार रोज़ थोड़ा अभ्यास करते हैं, थोड़ा-थोड़ा करके सीखते हैं।"
en-0057,en,"Musicians practise a little every day, learning bit by bit."
hi-0059,hi,दर्जी
en-0058,en,Tailor
hi-0060,hi,"दर्जी कपड़ा नापते हैं, काटते हैं और सिलते हैं। हमारे सुंदर कपड़े वही बनाते हैं।"
en-0059,en,"Tailors measure, cut and sew cloth. They make our lovely clothes."
hi-0061,hi,"सुई में धागा डालने का नाटक करो — आँखें ध्यान से, हाथ धीरे से!"
en-0060,en,"Pretend to thread a needle — careful eyes, gentle hands!"
hi-0062,hi,दर्जी बहुत ध्यान से काम करते हैं — एक-एक टाँका।
en-0061,en,Tailors work very carefully — one stitch at a time.
hi-0063,hi,ड्राइवर
en-0062,en,Driver
hi-0064,hi,"ड्राइवर बस, ट्रक और गाड़ी चलाते हैं। वे हमें सुरक्षित घर और स्कूल पहुँचाते हैं।"
en-0063,en,"Drivers drive buses, trucks and cars. They take us safely home and to school."
hi-0065,hi,"स्टीयरिंग पकड़ो और गाड़ी चलाओ — लाल बत्ती पर रुको, हरी पर चलो! पों-पों!"
en-0064,en,"Hold the steering wheel and drive — stop at red, go at green! Beep-beep!"
hi-0066,hi,"ड्राइवर समय पर निकलते हैं, ताकि सब समय पर पहुँचें।"
en-0065,en,"Drivers leave on time, so everyone gets there on time."
hi-0067,hi,बाकी सब फल हैं — कुत्ता फल नहीं है!
en-0066,en,The others are fruits — a dog is not a fruit!
hi-0068,hi,बाकी सब जानवर हैं — गाड़ी जानवर नहीं है!
en-0067,en,The others are animals — a car is not an animal!
hi-0069,hi,बाकी सब सवारी हैं — केला तो खाते हैं!
en-0068,en,The others are things we ride — we eat a banana!
hi-0070,hi,बाकी सब फूल हैं — मछली पानी में रहती है!
en-0069,en,The others are flowers — a fish lives in water!
hi-0071,hi,बाकी सब साफ़-सफ़ाई की चीज़ें हैं — शेर नहीं!
en-0070,en,The others help us stay clean — a lion doesn't!
hi-0072,hi,बाकी सब सुबह के हैं — चाँद तो रात को आता है!
en-0071,en,The others belong to the morning — the moon comes at night!
hi-0073,hi,बाकी सब लाल हैं — यह नीला है!
en-0072,en,The others are red — this one is blue!
hi-0074,hi,बाकी सब तारे हैं — यह चाँद है!
en-0073,en,The others are stars — this is the moon!
hi-0075,hi,बाकी सब चौकोर हैं — यह गोल है!
en-0074,en,The others are squares — this one is round!
hi-0076,hi,बाकी सब मछलियाँ हैं — यह चिड़िया है!
en-0075,en,The others are fish — this is a bird!
hi-0077,hi,बाकी सब सेब हैं — यह संतरा है!
en-0076,en,The others are apples — this is an orange!
hi-0078,hi,बाकी सब लाल सेब हैं — यह हरा सेब है!
en-0077,en,The others are red apples — this one is green!
hi-0079,hi,बाकी उँगलियाँ ऊपर हैं — यह नीचे है!
en-0078,en,The other fingers point up — this one points down!
hi-0080,hi,बाकी सब पूरे चाँद हैं — यह आधा है!
en-0079,en,The others are full moons — this one is half!
hi-0081,hi,बाकी घड़ियों में एक बजा है — इसमें तीन बजे हैं!
en-0080,en,The other clocks say one o'clock — this one says three!
hi-0082,hi,बाकी तीर दाईं ओर हैं — यह बाईं ओर है!
en-0081,en,The other arrows point right — this one points left!
hi-0083,hi,बाकी सब मुस्कुरा रहे हैं — इसका मुँह गोल खुला है!
en-0082,en,The others are smiling — this one's mouth is a round O!
en-0083,en,cat
en-0084,en,dog
en-0085,en,cow
en-0086,en,elephant
hi-0088,hi,बत्तख
en-0087,en,duck
en-0088,en,fish
en-0089,en,apple
en-0090,en,banana
en-0091,en,mango
en-0092,en,toothbrush
hi-0094,hi,किताब
en-0093,en,book
hi-0095,hi,पानी
en-0094,en,water
en-0095,en,bed
en-0096,en,ball
hi-0098,hi,तुमने ध्यान से देखा!
en-0097,en,You looked so carefully!
hi-0099,hi,"वाह, कितना अच्छा ध्यान!"
en-0098,en,"Wow, what great attention!"
hi-0100,hi,शाबाश! तुमने ध्यान से सुना!
en-0099,en,Well done! You listened carefully!
hi-0101,hi,बहुत बढ़िया! तुम्हारी आँखें तो जासूस जैसी हैं!
en-0100,en,Brilliant! You have detective eyes!
hi-0102,hi,"कोई बात नहीं, एक बार फिर ध्यान से देखो।"
en-0101,en,"That's okay — look once more, carefully."
hi-0103,hi,"अरे, लगभग! फिर से कोशिश करो।"
en-0102,en,"Oh, almost! Try again."
hi-0880,hi,सूरज की बिजली
en-0812,en,Power from the Sun
hi-0881,hi,Sooraj ki bijli
en-0813,en,the Sun
hi-0882,hi,घर
en-0814,en,a house
hi-0883,hi,पेड़
en-0815,en,a tree
hi-0884,hi,"देखो, सूरज चमक रहा है! सूरज हमें रोशनी और गर्मी देता है।"
en-0816,en,"Look, the Sun is shining! The Sun gives us light and warmth."
hi-0885,hi,सोलर पैनल
en-0817,en,a solar panel
hi-0886,hi,घर की छत पर नीली चमकती प्लेटें हैं। इन्हें सोलर पैनल कहते हैं — ये धूप पकड़ते हैं!
en-0818,en,On the roof are shiny blue plates. They're called solar panels — they catch sunshine!
hi-0887,hi,बैटरी
en-0819,en,the battery
hi-0888,hi,"सोलर पैनल धूप से बिजली बनाता है, और बिजली बैटरी में जमा होती है।"
en-0820,en,"The solar panel turns sunshine into electricity, and the battery stores it."
hi-0889,hi,सूरज को तीन बार छुओ और धूप भेजो!
en-0821,en,Tap the Sun three times to send sunshine!
hi-0890,hi,धूप से बिजली बन गई! बैटरी भर गई।
en-0822,en,Sunshine made electricity! The battery is full.
hi-0891,hi,बल्ब
en-0823,en,a light bulb
hi-0892,hi,टीवी
en-0824,en,a TV
hi-0893,hi,अब इसी बिजली से बल्ब जलता है और टीवी चलता है — बिना धुएँ के!
en-0825,en,Now this electricity lights the bulb and runs the TV — with no smoke!
en-0826,en,a farmer
hi-0894,hi,"खेत में सोलर पंप ज़मीन से पानी निकालता है। किसान ख़ुश, पौधे ख़ुश!"
en-0827,en,"On the farm, a solar pump brings up water. Happy farmer, happy plants!"
en-0828,en,the Moon
hi-0895,hi,रात को सूरज नहीं होता। तो घर में बिजली कहाँ से आती है?
en-0829,en,There's no Sun at night. So where does the electricity come from?
hi-0896,hi,"बताओ — बैटरी से, या चाँद से?"
en-0830,en,"Tell me — from the battery, or from the Moon?"
hi-0897,hi,बैटरी से
en-0831,en,From the battery
hi-0898,hi,चाँद से
en-0832,en,From the Moon
hi-0899,hi,हाँ! दिन में भरी बैटरी रात को बिजली देती है।
en-0833,en,Yes! The battery filled in the day gives power at night.
hi-0900,hi,चाँद बिजली नहीं देता! दिन में भरी बैटरी देती है।
en-0834,en,The Moon doesn't give electricity! The battery filled in the day does.
hi-0901,hi,सूरज हर दिन आता है और कभी ख़त्म नहीं होता। आने वाले कल में और भी ज़्यादा घर सूरज की बिजली से चलेंगे!
en-0835,en,"The Sun comes every day and never runs out. Tomorrow, more and more homes will run on sunshine!"
hi-0902,hi,सोलर पैनल किससे बिजली बनाता है?
en-0836,en,What does a solar panel make electricity from?
hi-0903,hi,धूप से
en-0837,en,Sunshine
hi-0904,hi,बारिश से
en-0838,en,Rain
hi-0905,hi,आइसक्रीम से
hi-0906,hi,"हाँ, धूप से! सोलर पैनल धूप पकड़ता है।"
en-0839,en,"Yes, sunshine! A solar panel catches the sunlight."
hi-0907,hi,आज धूप में खड़े होकर अपनी परछाई देखो। सूरज को सीधे कभी मत देखना! फिर किसी बड़े के साथ ढूँढो — आस-पास कहीं सोलर पैनल है?
en-0840,en,"Today, stand in the sunshine and look at your shadow. Never look straight at the Sun! Then, with a grown-up, look for solar panels nearby."
hi-0908,hi,बिजली वाली गाड़ी
en-0841,en,The Electric Car
hi-0909,hi,Bijli wali gaadi
hi-0910,hi,पुरानी बस
en-0842,en,an old bus
hi-0911,hi,पुरानी गाड़ियाँ पेट्रोल-डीज़ल पीती हैं और धुआँ छोड़ती हैं। खाँसी! खाँसी!
en-0843,en,"Old cars and buses drink petrol and puff out smoke. Cough, cough!"
en-0844,en,an electric car
hi-0912,hi,"ये है बिजली वाली गाड़ी! इसमें पेट्रोल की टंकी नहीं, एक बड़ी बैटरी है।"
en-0845,en,This is an electric car! It has a big battery instead of a petrol tank.
hi-0913,hi,"गाड़ी की बैटरी ख़ाली है। चलो, सूरज की बिजली से इसे चार्ज करें!"
en-0846,en,The car's battery is empty. Let's charge it with sunshine power!
hi-0914,hi,सूरज को छूकर गाड़ी चार्ज करो!
en-0847,en,Tap the Sun to charge the car!
hi-0915,hi,"गाड़ी चार्ज हो गई! चलो, घूमने चलें — बिना धुएँ के।"
en-0848,en,The car is charged! Let's go for a ride — with no smoke.
hi-0916,hi,"बिजली वाली गाड़ी चुपचाप चलती है — ना धुआँ, ना शोर। हवा साफ़ रहती है, चिड़िया भी ख़ुश!"
en-0849,en,"The electric car goes quietly — no smoke, no noise. The air stays clean, and the birds are happy too!"
hi-0917,hi,बिजली वाला ऑटो
en-0850,en,an electric auto-rickshaw
hi-0918,hi,बिजली वाली बस
en-0851,en,an electric bus
hi-0919,hi,बिजली वाला स्कूटर
en-0852,en,an electric scooter
hi-0920,hi,"अब बिजली से ऑटो, बस और स्कूटर भी चलते हैं। इन्हें छूकर देखो!"
en-0853,en,"Now autos, buses and scooters run on electricity too. Tap them!"
hi-0921,hi,चार्जर
en-0854,en,the charger
hi-0922,hi,रात को गाड़ी चार्जिंग पर आराम करती है — जैसे तुम सोकर फिर से ताज़ा हो जाते हो!
en-0855,en,At night the car rests on its charger — just like you sleep and wake up fresh!
hi-0923,hi,चार्जर को छूकर गाड़ी को सुला दो!
en-0856,en,Tap the charger to put the car to bed!
hi-0924,hi,"गाड़ी चार्ज हो रही है और आराम कर रही है। शुभ रात्रि, गाड़ी!"
en-0857,en,"The car is charging and resting. Good night, car!"
en-0858,en,a bicycle
hi-0925,hi,पैदल चलना
en-0859,en,walking
hi-0926,hi,आने वाले कल में सड़कें शांत होंगी और हवा साफ़। और सबसे साफ़ सवारी? साइकिल और पैदल चलना!
en-0860,en,"Tomorrow, roads will be quieter and the air cleaner. And the cleanest ride of all? Cycling and walking!"
hi-0927,hi,किस गाड़ी से धुआँ नहीं निकलता?
en-0861,en,Which one makes no smoke?
en-0862,en,The electric car
hi-0928,hi,धुएँ वाला ट्रक
en-0863,en,The smoky truck
hi-0929,hi,सही! बिजली वाली गाड़ी धुआँ नहीं छोड़ती।
en-0864,en,Right! An electric car makes no smoke.
hi-0930,hi,"आज किसी बड़े के साथ थोड़ा पैदल चलो, और गिनो — रास्ते में कितनी साइकिलें दिखीं?"
en-0865,en,"Today, take a little walk with a grown-up and count how many bicycles you see!"
hi-0931,hi,ड्रोन डाकिया
en-0866,en,The Drone Postman
hi-0932,hi,Drone daakiya
hi-0933,hi,ड्रोन
en-0867,en,a drone
en-0868,en,a bird
en-0869,en,an aeroplane
hi-0934,hi,"ऊपर क्या उड़ रहा है? ना चिड़िया, ना हवाई जहाज़ — ये ड्रोन है!"
en-0870,en,"What's flying up there? Not a bird, not a plane — it's a drone!"
hi-0935,hi,ड्रोन के चार छोटे पंखे बहुत तेज़ घूमते हैं — फ़र्र फ़र्र! और वह ऊपर उठ जाता है।
en-0871,en,A drone has four little fans that spin very fast — whirr whirr! — and up it goes.
hi-0936,hi,ड्रोन को तीन बार छुओ — पंखे घुमाओ!
en-0872,en,Tap the drone three times to spin its fans!
hi-0937,hi,ड्रोन उड़ गया! फ़र्र फ़र्र!
en-0873,en,The drone is flying! Whirr whirr!
hi-0938,hi,दादी को दवा चाहिए। ड्रोन डाकिया दवा का डिब्बा लेकर आया है।
en-0874,en,Grandma needs her medicine. The drone postman has brought the parcel.
hi-0939,hi,दादी का घर कौन-सा है? वो जिसके आगे बगीचा है!
en-0875,en,Which is Grandma's house? The one with a garden!
hi-0940,hi,स्कूल
en-0876,en,School
hi-0941,hi,अस्पताल
en-0877,en,Hospital
hi-0942,hi,बगीचे वाला घर
en-0878,en,House with a garden
hi-0943,hi,"ड्रोन ने दवा पहुँचा दी! धन्यवाद, ड्रोन!"
en-0879,en,"The drone delivered the medicine! Thank you, drone!"
hi-0944,hi,ये दादी का घर नहीं है। बगीचे वाला घर ढूँढो!
en-0880,en,That's not Grandma's house. Find the house with a garden!
hi-0945,hi,"ड्रोन पहाड़ों और दूर के गाँवों तक दवाइयाँ ले जाते हैं, जहाँ सड़क बहुत लंबी है।"
en-0881,en,Drones carry medicines to mountains and faraway villages where the road is very long.
hi-0946,hi,खेत का ड्रोन
en-0882,en,the farm drone
hi-0947,hi,खेत में ड्रोन ऊपर से देखता है कि कौन-से पौधे प्यासे हैं।
en-0883,en,"On the farm, a drone looks from the sky to see which plants are thirsty."
hi-0948,hi,ड्रोन को छूकर पौधों को पानी दो!
en-0884,en,Tap the drone to water the plants!
hi-0949,hi,पौधे हरे-भरे हो गए! शाबाश!
en-0885,en,The plants are green and happy! Well done!
hi-0950,hi,ड्रोन चलाने वाले
en-0886,en,the drone pilot
hi-0951,hi,ड्रोन को कोई इंसान चलाता है और नियम मानता है — किसी के घर में झाँकना नहीं!
en-0887,en,A person controls the drone and follows the rules — no peeking into anyone's home!
hi-0952,hi,तोहफ़ा
en-0888,en,a present
hi-0953,hi,आने वाले कल में आसमान में मददगार ड्रोन होंगे। तुम ड्रोन से किसे क्या भेजोगे?
en-0889,en,"Tomorrow, helpful drones will fly in the sky. What would you send with a drone, and to whom?"
hi-0954,hi,ड्रोन कैसे उड़ता है?
en-0890,en,How does a drone fly?
hi-0955,hi,घूमते पंखों से
en-0891,en,With spinning fans
hi-0956,hi,पैरों से कूदकर
en-0892,en,By jumping on its feet
hi-0957,hi,"हाँ! उसके पंखे घूमते हैं, फ़र्र फ़र्र!"
en-0893,en,Yes! Its fans spin — whirr whirr!
hi-0958,hi,किसी बड़े के साथ काग़ज़ का हवाई जहाज़ बनाओ और देखो वो कितनी दूर उड़ता है!
en-0894,en,Make a paper plane with a grown-up and see how far it flies!
hi-0959,hi,अंतरिक्ष यात्रा
en-0895,en,Trip to Space
hi-0960,hi,Antariksh yatra
hi-0961,hi,रात को आसमान में चाँद और तारे दिखते हैं। क्या हम वहाँ जा सकते हैं?
en-0896,en,At night we see the Moon and stars. Can we go there?
hi-0962,hi,रॉकेट
en-0897,en,the rocket
hi-0963,hi,हाँ! रॉकेट में बैठकर। रॉकेट बहुत तेज़ ऊपर जाता है।
en-0898,en,Yes! In a rocket. A rocket zooms up very fast.
hi-0964,hi,रॉकेट को तीन बार छुओ — गिनती करो!
en-0899,en,Tap the rocket three times — count down!
hi-0965,hi,3… 2… 1… उड़ान! रॉकेट अंतरिक्ष की ओर!
en-0900,en,3… 2… 1… lift off! The rocket is off to space!
hi-0966,hi,चंद्रयान
en-0901,en,Chandrayaan
hi-0967,hi,"भारत के वैज्ञानिकों ने चंद्रयान भेजा। वह चाँद पर धीरे से उतरा — एक ऐसी जगह के पास, जहाँ पहले कोई नहीं उतरा था!"
en-0902,en,Scientists in India sent Chandrayaan. It landed gently on the Moon — near a place where nobody had landed before!
hi-0968,hi,प्रज्ञान रोवर
en-0903,en,the Pragyan rover
hi-0969,hi,उसमें से एक छोटी गाड़ी निकली — प्रज्ञान रोवर। वह छह पहियों पर धीरे-धीरे चली और चाँद की मिट्टी को जाँचा।
en-0904,en,Out came a little rover named Pragyan. It rolled slowly on six wheels and studied the Moon's soil.
hi-0970,hi,रोवर को छूकर आगे चलाओ!
en-0905,en,Tap the rover to drive it forward!
hi-0971,hi,शाबाश! रोवर ने चाँद पर नए निशान बना दिए।
en-0906,en,Well done! The rover made new tracks on the Moon.
en-0907,en,an astronaut
hi-0972,hi,"अंतरिक्ष में साँस लेने वाली हवा नहीं है, इसलिए अंतरिक्ष यात्री ख़ास सूट पहनते हैं।"
en-0908,en,"There is no air to breathe in space, so astronauts wear special suits."
hi-0973,hi,अंतरिक्ष में क्या पहनोगे — ख़ास सूट या टी-शर्ट?
en-0909,en,What will you wear in space — a special suit or a T-shirt?
hi-0974,hi,ख़ास सूट
en-0910,en,A special suit
hi-0975,hi,टी-शर्ट
en-0911,en,A T-shirt
hi-0976,hi,सही! सूट में हवा भी है और गर्मी भी।
en-0912,en,Right! The suit has air inside and keeps you warm.
hi-0977,hi,टी-शर्ट में अंतरिक्ष में साँस नहीं ले पाओगे! ख़ास सूट चाहिए।
en-0913,en,You couldn't breathe in space in a T-shirt! You need a special suit.
hi-0978,hi,मंगल ग्रह
en-0914,en,planet Mars
hi-0979,hi,ये है मंगल ग्रह — लाल ग्रह! एक दिन इंसान वहाँ भी जाएँगे — शायद तुम भी!
en-0915,en,This is Mars — the red planet! One day people will go there too — maybe even you!
hi-0980,hi,हमारी धरती
en-0916,en,our Earth
hi-0981,hi,अंतरिक्ष से हमारी धरती नीली-हरी गेंद जैसी दिखती है। यही हमारा प्यारा घर है!
en-0917,en,"From space, our Earth looks like a blue-green ball. It's our lovely home!"
hi-0982,hi,चाँद पर जाने के लिए किसमें बैठेंगे?
en-0918,en,What will we ride to go to the Moon?
en-0919,en,A rocket
en-0920,en,A bicycle
hi-0983,hi,"हाँ, रॉकेट! 3… 2… 1… उड़ान!"
en-0921,en,"Yes, a rocket! 3… 2… 1… lift off!"
hi-0984,hi,अंतरिक्ष यात्री ख़ास सूट क्यों पहनते हैं?
en-0922,en,Why do astronauts wear special suits?
hi-0985,hi,वहाँ हवा नहीं है
en-0923,en,There's no air there
hi-0986,hi,पार्टी के लिए
en-0924,en,For a party
hi-0987,hi,सही! अंतरिक्ष में साँस लेने वाली हवा नहीं है।
en-0925,en,Right! There's no air to breathe in space.
hi-0988,hi,"आज रात किसी बड़े के साथ चाँद को देखो। वो कैसा दिखा — गोल, आधा या पतला? कल फिर देखना — क्या बदला?"
en-0926,en,"Tonight, look at the Moon with a grown-up. Was it round, half or thin? Look again tomorrow — what changed?"
hi-0989,hi,डॉक्टर के रोबो मददगार
en-0927,en,Robot Helpers
hi-0990,hi,Doctor ke robo madadgaar
en-0928,en,a doctor
en-0929,en,a nurse
hi-0991,hi,ये है अस्पताल। यहाँ डॉक्टर और नर्स सबका ख़याल रखते हैं।
en-0930,en,This is a hospital. Doctors and nurses take care of everyone here.
hi-0992,hi,रोबो मददगार
en-0931,en,the robot helper
hi-0993,hi,आज अस्पताल में एक रोबो मददगार भी है! वह दवा और खाना एक कमरे से दूसरे कमरे तक ले जाता है।
en-0932,en,Today the hospital has a robot helper too! It carries medicine and food from room to room.
hi-0994,hi,रोबो को बताओ — दवा किसे चाहिए? जिसे बुख़ार है!
en-0933,en,Tell the robot — who needs the medicine? The one with a fever!
hi-0995,hi,बुख़ार वाला
en-0934,en,The one with a fever
hi-0996,hi,हँसता हुआ
en-0935,en,The smiling one
hi-0997,hi,सोता हुआ
en-0936,en,The sleeping one
hi-0998,hi,हाँ! रोबो ने बुख़ार वाले को दवा दे दी। जल्दी ठीक हो जाओ!
en-0937,en,Yes! The robot gave the medicine to the one with a fever. Get well soon!
hi-0999,hi,"इसे दवा नहीं चाहिए। जिसे बुख़ार है, उसे ढूँढो — थर्मामीटर वाला!"
en-0938,en,This one doesn't need medicine. Find the one with a fever — with the thermometer!
hi-1000,hi,रोबो हाथ
en-0939,en,a robot arm
hi-1001,hi,"कुछ रोबो हाथ बहुत स्थिर रहते हैं, ताकि डॉक्टर बहुत बारीक काम आराम से कर सकें।"
en-0940,en,"Some robot arms stay very steady, so doctors can do tiny, careful work."
en-0941,en,the doctor
hi-1002,hi,पर रोबो अपने-आप फ़ैसला नहीं करता। डॉक्टर सोचते हैं और तय करते हैं — रोबो बस मदद करता है।
en-0942,en,But the robot doesn't decide on its own. The doctor thinks and decides — the robot just helps.
hi-1003,hi,दादाजी
en-0943,en,Grandpa
hi-1004,hi,घर पर एक छोटा रोबो दादाजी को याद दिलाता है: 'दवा का समय!' और पानी भी लाता है।
en-0944,en,"At home, a little robot reminds Grandpa, 'Time for medicine!' and brings water too."
hi-1005,hi,रोबो को छुओ — दादाजी के लिए पानी लाओ!
en-0945,en,Tap the robot to bring Grandpa some water!
hi-1006,hi,"दादाजी ने पानी पिया और दवा ली। धन्यवाद, रोबो!"
en-0946,en,"Grandpa drank the water and took his medicine. Thank you, robot!"
hi-1007,hi,"रोबो मदद कर सकता है। पर गले लगाना, प्यार करना और सच में ख़याल रखना — ये हम इंसान करते हैं!"
en-0947,en,"Robots can help. But hugging, loving and truly caring — that's what we people do!"
hi-1008,hi,दादाजी को प्यार की झप्पी कौन देगा?
en-0948,en,Who will give Grandpa a loving hug?
hi-1009,hi,मैं
en-0949,en,Me
hi-1010,hi,रोबो
en-0950,en,The robot
hi-1011,hi,"हाँ, तुम! रोबो मदद करता है, पर प्यार की झप्पी तुम देते हो।"
en-0951,en,"Yes, you! A robot helps, but the hugs come from you."
hi-1012,hi,आज घर में किसी बड़े की एक मदद करो — पानी लाओ या चप्पलें सजाओ — और उन्हें एक प्यारी झप्पी दो!
en-0952,en,"Today, help a grown-up at home — bring water or tidy the shoes — and give them a big hug!"
hi-1013,hi,बात करने वाले कंप्यूटर
en-0953,en,Talking Computers
hi-1014,hi,Baat karne wale computer
hi-1015,hi,फ़ोन
en-0954,en,a phone
hi-1016,hi,बोलने वाला स्पीकर
en-0955,en,a talking speaker
hi-1017,hi,कुछ फ़ोन और स्पीकर हमारी बात सुन सकते हैं और जवाब भी दे सकते हैं।
en-0956,en,Some phones and speakers can listen to us and even answer back.
hi-1018,hi,कंप्यूटर
en-0957,en,the computer
hi-1019,hi,"ये कंप्यूटर बहुत, बहुत सारी बातें पढ़कर सीखते हैं — किताबें, कहानियाँ, गाने!"
en-0958,en,"These computers learn by reading lots and lots of words — books, stories and songs!"
hi-1020,hi,"उससे साफ़-साफ़ पूछो, तभी वो ठीक से समझता है।"
en-0959,en,Ask it clearly — that's how it understands you best.
hi-1021,hi,कौन-सा सवाल साफ़ है? “वो क्या है?” या “आज बारिश होगी?”
en-0960,en,Which question is clear? “What's that?” or “Will it rain today?”
hi-1022,hi,वो क्या है?
en-0961,en,What's that?
hi-1023,hi,आज बारिश होगी?
en-0962,en,Will it rain today?
hi-1024,hi,"हाँ! साफ़ सवाल पूछा, तो साफ़ जवाब मिलेगा।"
en-0963,en,Yes! A clear question gets a clear answer.
hi-1025,hi,'वो' मतलब क्या? कंप्यूटर समझ नहीं पाएगा। साफ़ सवाल चुनो!
en-0964,en,What is 'that'? The computer won't understand. Pick the clear question!
en-0965,en,a cat
hi-1026,hi,"कंप्यूटर बहुत सी बातें पढ़कर सीखता है, पर वह भी गलती कर सकता है!"
en-0966,en,"The computer learns by reading lots of things, but it can make mistakes too!"
hi-1027,hi,स्पीकर ने कहा: “बिल्ली भौं-भौं करती है!” — सही या गलत?
en-0967,en,The speaker said: “Cats say woof woof!” — right or wrong?
hi-1028,hi,सही
en-0968,en,Right
hi-1029,hi,गलत
en-0969,en,Wrong
hi-1030,hi,"हाँ, गलत! बिल्ली तो म्याऊँ करती है। कंप्यूटर ने गलती की — तुमने पकड़ ली!"
en-0970,en,"Yes, wrong! Cats say meow. The computer made a mistake — and you caught it!"
hi-1031,hi,सोचो — बिल्ली कैसे बोलती है? म्याऊँ! तो कंप्यूटर ने गलती की।
en-0971,en,Think — what does a cat say? Meow! So the computer made a mistake.
hi-1032,hi,मम्मी
en-0972,en,Mummy
hi-1033,hi,"इसलिए वो जो भी कहे, उस पर सोचो — और किसी बड़े से भी पूछ लो।"
en-0973,en,So think about whatever it says — and check with a grown-up too.
hi-1034,hi,"कंप्यूटर इंसान नहीं है। उसे भूख नहीं लगती, नींद नहीं आती — वो एक मशीन है, एक औज़ार, जैसे पेंसिल या कैंची।"
en-0974,en,"A computer isn't a person. It doesn't get hungry or sleepy — it's a machine, a tool, like a pencil or scissors."
hi-1035,hi,"अपना पूरा नाम, घर का पता या फ़ोटो किसी मशीन को मत बताओ — पहले बड़ों से पूछो।"
en-0975,en,"Don't tell a machine your full name, address or photos — ask a grown-up first."
hi-1036,hi,क्या कंप्यूटर भी गलती कर सकता है?
en-0976,en,Can a computer make mistakes?
hi-1037,hi,हाँ
en-0977,en,Yes
hi-1038,hi,नहीं
en-0978,en,No
hi-1039,hi,हाँ! इसलिए हम सोचते हैं और बड़ों से पूछते हैं।
en-0979,en,Yes! That's why we think and ask grown-ups.
hi-1040,hi,कंप्यूटर क्या है?
en-0980,en,What is a computer?
hi-1041,hi,"एक मशीन, एक औज़ार"
en-0981,en,"A machine, a tool"
hi-1042,hi,एक इंसान
en-0982,en,A person
hi-1043,hi,सही! कंप्यूटर एक मशीन है — इंसान नहीं।
en-0983,en,Right! A computer is a machine — not a person.
hi-1044,hi,आज किसी बड़े से एक ऐसा सवाल पूछो जिसका जवाब तुम्हें नहीं पता — और साथ में जवाब ढूँढो!
en-0984,en,"Today, ask a grown-up a question you don't know the answer to — and find the answer together!"
hi-1045,hi,"पानी बचाओ, पेड़ लगाओ"
en-0985,en,"Save Water, Plant Trees"
hi-1046,hi,"Paani bachao, ped lagao"
hi-1047,hi,धरती
en-0986,en,the Earth
hi-1048,hi,हमारी धरती हमारा घर है। उसे साफ़ और हरा रखना हम सबका काम है!
en-0987,en,The Earth is our home. Keeping it clean and green is everyone's job!
hi-0581,hi,नल
en-0988,en,the tap
hi-1049,hi,"अरे! नल खुला छूट गया। टप-टप-टप, पानी बह रहा है!"
en-0989,en,"Oh no! The tap was left open. Drip, drip, drip — water is running away!"
hi-1050,hi,नल को छूकर बंद करो!
en-0990,en,Tap the tap to turn it off!
hi-1051,hi,शाबाश! तुमने पानी बचाया।
en-0991,en,Well done! You saved water.
hi-1052,hi,टूथब्रश
en-0992,en,a toothbrush
hi-1053,hi,दाँत साफ़ करते समय नल बंद रखो। एक बार में बाल्टी भर पानी बचता है!
en-0993,en,Keep the tap off while you brush. You can save a whole bucket of water!
hi-1054,hi,"कचरा भी सही डिब्बे में जाता है। गीला कचरा हरे डिब्बे में, सूखा कचरा नीले डिब्बे में।"
en-0994,en,"Rubbish goes in the right bin too. Wet waste in the green bin, dry waste in the blue bin."
hi-1055,hi,हर चीज़ को सही डिब्बे में डालो — हरा या नीला?
en-0995,en,Put each thing in the right bin — green or blue?
hi-1056,hi,गीला कचरा
en-0996,en,Wet waste
hi-1057,hi,सूखा कचरा
en-0997,en,Dry waste
hi-1058,hi,केले का छिलका
en-0998,en,banana peel
hi-1059,hi,पुराना अख़बार
en-0999,en,old newspaper
hi-1060,hi,सेब का बचा टुकड़ा
en-1000,en,apple core
hi-1061,hi,प्लास्टिक की बोतल
en-1001,en,plastic bottle
hi-1062,hi,वाह! सारा कचरा सही डिब्बे में!
en-1002,en,Wow! All the rubbish is in the right bin!
hi-1063,hi,रीसायकल
en-1003,en,recycling
hi-1064,hi,"पुरानी प्लास्टिक की बोतलें फिर से नई चीज़ें बन सकती हैं — कुर्सी, थैला, खिलौना! इसे रीसायकल कहते हैं।"
en-1004,en,"Old plastic bottles can become new things — a chair, a bag, a toy! That's called recycling."
hi-1065,hi,बीज
en-1005,en,a seed
hi-1066,hi,"चलो, एक पेड़ लगाएँ! बीज को पानी चाहिए।"
en-1006,en,Let's plant a tree! The seed needs water.
hi-1067,hi,पानी को तीन बार छुओ और बीज को सींचो!
en-1007,en,Tap the water three times to water the seed!
hi-1068,hi,"देखो! बीज से पौधा, और पौधे से पेड़ बन गया!"
en-1008,en,"Look! The seed became a plant, and the plant became a tree!"
hi-1069,hi,"पेड़ हमें छाया, फल और साफ़ हवा देते हैं। आओ, आने वाले कल को हरा-भरा बनाएँ!"
en-1009,en,"Trees give us shade, fruit and clean air. Let's make tomorrow green!"
hi-1070,hi,केले का छिलका किस डिब्बे में जाएगा?
en-1010,en,Which bin does a banana peel go in?
hi-1071,hi,हरा — गीला कचरा
en-1011,en,Green — wet waste
hi-1072,hi,नीला — सूखा कचरा
en-1012,en,Blue — dry waste
hi-1073,hi,सही! छिलका गीला कचरा है — हरे डिब्बे में।
en-1013,en,Right! A peel is wet waste — the green bin.
hi-1074,hi,"आज किसी पौधे को पानी दो, और दाँत साफ़ करते समय नल बंद रखना!"
en-1014,en,"Today, water a plant — and keep the tap off while you brush!"
hi-1075,hi,3D प्रिंटर
en-1015,en,The 3D Printer
hi-1076,hi,3D printer
en-1016,en,a 3D printer
hi-1077,hi,"ये है एक कमाल की मशीन — 3D प्रिंटर! ये चीज़ें बनाता है, परत पर परत।"
en-1017,en,"This is an amazing machine — a 3D printer! It builds things, layer on layer."
hi-1078,hi,"चलो, प्रिंटर से एक खिलौना बनाएँ!"
en-1018,en,Let's make a toy with the printer!
hi-1079,hi,प्रिंटर को चार बार छुओ — हर बार एक परत जुड़ेगी!
en-1019,en,Tap the printer four times — each tap adds a layer!
hi-1080,hi,"देखो, परत पर परत से एक मीनार बन गई!"
en-1020,en,"Look — layer on layer, a tower is ready!"
hi-1081,hi,चित्र
en-1021,en,a design
hi-1082,hi,पहले कोई चित्र बनाता है — क्या बनाना है। फिर प्रिंटर उसे सच में बना देता है।
en-1022,en,First someone draws a design — what to make. Then the printer makes it for real.
hi-1083,hi,खिलौने का हिस्सा
en-1023,en,a toy part
hi-1084,hi,मदद वाला हाथ
en-1024,en,a helper hand
hi-1085,hi,छोटा घर
en-1025,en,a small house
hi-1086,hi,"3D प्रिंटर से टूटे खिलौने का हिस्सा, किसी के लिए मदद वाला हाथ, यहाँ तक कि छोटे घर भी बन सकते हैं!"
en-1026,en,"3D printers can make a missing toy piece, a helper hand for someone, even small houses!"
hi-1087,hi,"अगर तुम्हारे पास 3D प्रिंटर होता, तो तुम क्या बनाते?"
en-1027,en,"If you had a 3D printer, what would you make?"
hi-1088,hi,"चुनो — गाड़ी, डायनासोर या घर?"
en-1028,en,"Choose — a car, a dinosaur or a house?"
hi-1089,hi,डायनासोर
en-1029,en,A dinosaur
en-1030,en,A house
hi-1090,hi,वाह! बढ़िया चुना। अब प्रिंटर परत पर परत उसे बनाएगा!
en-1031,en,Wow! Great choice. Now the printer will build it layer by layer!
hi-1091,hi,पर पहले सोचना पड़ता है। बनाने वाले तुम हो — मशीन बस मदद करती है!
en-1032,en,But first you have to think. You are the maker — the machine just helps!
hi-1092,hi,3D प्रिंटर चीज़ें कैसे बनाता है?
en-1033,en,How does a 3D printer make things?
hi-1093,hi,परत पर परत
en-1034,en,Layer on layer
hi-1094,hi,जादू से
en-1035,en,By magic
hi-1095,hi,"हाँ! परत पर परत, जैसे पराठे की परतें।"
en-1036,en,"Yes! Layer on layer, like a stack of pancakes."
hi-1096,hi,"आज ब्लॉक, मिट्टी या आटे से परत-पर-परत एक मीनार बनाओ। कितनी ऊँची बनी?"
en-1037,en,"Today, build a tower layer by layer with blocks, clay or dough. How tall did it get?"
hi-1097,hi,इंटरनेट पर सुरक्षा
en-1038,en,Safe on the Internet
hi-1098,hi,Internet par suraksha
hi-1099,hi,इंटरनेट
en-1039,en,the internet
hi-1100,hi,"इंटरनेट एक बहुत बड़े शहर जैसा है — उसमें कहानियाँ, गाने और खेल हैं।"
en-1040,en,"The internet is like a giant city — full of stories, songs and games."
hi-1101,hi,अनजान
en-1041,en,a stranger
hi-1102,hi,उस शहर में अनजान लोग भी होते हैं। सड़क की तरह इंटरनेट पर भी — अनजान लोगों को अपनी बातें नहीं बताते।
en-1042,en,"That city has strangers too. Just like on the street, we don't tell strangers about ourselves online."
hi-1103,hi,फ़ोन पर कोई अनजान पूछता है: “तुम्हारा घर कहाँ है?”
en-1043,en,Someone you don't know asks on the phone: “Where do you live?”
hi-1104,hi,"तुम क्या करोगे? पता बताओगे, या बड़ों को बुलाओगे?"
en-1044,en,"What will you do? Tell them, or call a grown-up?"
hi-1105,hi,पता बता दूँ
en-1045,en,Tell my address
hi-1106,hi,बड़ों को बुलाऊँ
en-1046,en,Call a grown-up
hi-1107,hi,बिल्कुल सही! पहले बड़ों को बताओ।
en-1047,en,Exactly right! Tell a grown-up first.
hi-1108,hi,रुको! घर का पता किसी अनजान को नहीं बताते। बड़ों को बुलाओ।
en-1048,en,Stop! We never tell a stranger where we live. Call a grown-up.
hi-1109,hi,"अगर स्क्रीन पर अचानक चमकता डिब्बा आए — “दबाओ, इनाम जीतो!” — तो उसे मत दबाओ।"
en-1049,en,If a shiny box suddenly pops up — “Tap here to win a prize!” — don't tap it.
hi-1110,hi,"तुम क्या दबाओगे? चमकता इनाम, या बड़ों से पूछोगे?"
en-1050,en,"What will you tap? The shiny prize, or ask a grown-up?"
hi-1111,hi,इनाम जीतो!
en-1051,en,Win a prize!
hi-1112,hi,बड़ों से पूछूँ
en-1052,en,Ask a grown-up
hi-1113,hi,शाबाश! अनजान चीज़ दबाने से पहले बड़ों से पूछते हैं।
en-1053,en,Well done! Ask a grown-up before tapping something you don't know.
hi-1114,hi,ओह! अनजान चमकते बटन धोखा भी हो सकते हैं। पहले बड़ों से पूछो।
en-1054,en,Oops! Strange shiny buttons can be tricks. Ask a grown-up first.
hi-1115,hi,ख़ज़ाने का बक्सा
en-1055,en,the treasure box
hi-1116,hi,"तुम्हारा नाम, स्कूल, फ़ोटो और पासवर्ड — ये सब तुम्हारा ख़ज़ाना हैं। ख़ज़ाना छुपाकर रखते हैं!"
en-1056,en,"Your name, school, photos and passwords are your treasure. We keep treasure safe!"
hi-1117,hi,बक्से को छूकर ताला लगाओ!
en-1057,en,Tap the box to lock it!
hi-1118,hi,ख़ज़ाना सुरक्षित! शाबाश!
en-1058,en,Treasure locked and safe! Well done!
hi-1119,hi,घर के बड़े
en-1059,en,grown-ups at home
hi-1120,hi,"अगर कुछ भी अजीब लगे, डर लगे या समझ न आए — तुरंत किसी बड़े को बताओ। तुम्हें कोई डाँट नहीं पड़ेगी। मुसीबत हो तो बड़े 1098 या 112 पर फ़ोन करके मदद ले सकते हैं।"
en-1060,en,"If anything feels strange, scary or confusing — tell a grown-up right away. You won't be in trouble. In an emergency, grown-ups can call 1098 or 112 for help."
hi-1121,hi,"और याद रखो: स्क्रीन को भी आराम चाहिए! बाहर खेलो, दौड़ो और दूर तक देखो।"
en-1061,en,"And remember: screens need rest too! Play outside, run around and look far away."
hi-1122,hi,"कोई अनजान तुम्हारा पता पूछे, तो?"
en-1062,en,If a stranger asks where you live?
hi-1123,hi,बड़ों को बताओ
en-1063,en,Tell a grown-up
hi-1124,hi,पता बता दो
en-1064,en,Tell them
hi-1125,hi,हाँ! पहले बड़ों को बताओ।
en-1065,en,Yes! Tell a grown-up first.
hi-1126,hi,"आज किसी बड़े के साथ अपना सुरक्षा नियम ज़ोर से बोलो: “कुछ भी अनजान हो, तो पहले बड़ों से पूछूँगा!”"
en-1066,en,"Today, say your safety rule out loud with a grown-up: “If it's something I don't know, I'll ask a grown-up first!”"
hi-1127,hi,जंगल
en-1067,en,Jungle
hi-1128,hi,Jungle
en-1068,en,a monkey
hi-1129,hi,बंदर पेड़ों पर झूलता है!
en-1069,en,Monkeys swing from the trees!
hi-1130,hi,मोर
en-1070,en,a peacock
hi-1131,hi,मोर अपने रंग-बिरंगे पंख फैलाता है!
en-1071,en,A peacock spreads its colourful feathers!
en-1072,en,an elephant
hi-1132,hi,हाथी अपनी सूँड से पानी पीता है!
en-1073,en,An elephant drinks with its trunk!
hi-1133,hi,बाघ
en-1074,en,a tiger
hi-1134,hi,बाघ की धारियाँ उसे छिपने में मदद करती हैं!
en-1075,en,A tiger's stripes help it hide!
hi-1135,hi,तोता
en-1076,en,a parrot
hi-1136,hi,तोता बातें दोहरा सकता है!
en-1077,en,A parrot can copy words!
hi-1137,hi,तुमने सारे जानवर ढूँढ लिए! ये जादुई जंगल था। अब असली दुनिया में ढूँढो — खिड़की से बाहर कौन-सा पक्षी या पेड़ दिखता है?
en-1078,en,You found all the animals! That was a magic jungle. Now look in the real world — which bird or tree can you see outside the window?
hi-1138,hi,समुद्र के अंदर
en-1079,en,Under the Sea
hi-1139,hi,Samudra ke andar
hi-1140,hi,रंगीन मछली
en-1080,en,a colourful fish
hi-1141,hi,मछली पानी में साँस लेती है!
en-1081,en,Fish breathe under water!
hi-1142,hi,ऑक्टोपस
en-1082,en,an octopus
hi-1143,hi,ऑक्टोपस की आठ भुजाएँ होती हैं!
en-1083,en,An octopus has eight arms!
hi-1144,hi,समुद्री कछुआ
en-1084,en,a sea turtle
hi-1145,hi,समुद्री कछुआ बहुत दूर तक तैरता है!
en-1085,en,Sea turtles swim very far!
hi-1146,hi,केकड़ा
en-1086,en,a crab
hi-1147,hi,केकड़ा टेढ़ा-टेढ़ा चलता है!
en-1087,en,A crab walks sideways!
hi-1148,hi,व्हेल
en-1088,en,a whale
hi-1149,hi,व्हेल सबसे बड़ा जानवर है!
en-1089,en,The blue whale is the biggest animal of all!
hi-1150,hi,तुमने सारे समुद्री दोस्त ढूँढ लिए! ये जादुई समुद्र था। नहाते समय सोचो — मछली की तरह तैरना कैसा लगता होगा?
en-1090,en,"You found all the sea friends! That was a magic sea. At bath time, imagine — how would it feel to swim like a fish?"
hi-1151,hi,अंतरिक्ष
en-1091,en,Space
hi-1152,hi,Antariksh
en-1092,en,a rocket
hi-1153,hi,रॉकेट बहुत तेज़ ऊपर जाता है!
en-1093,en,A rocket zooms up very fast!
hi-1154,hi,अंतरिक्ष यात्री ख़ास सूट पहनते हैं!
en-1094,en,Astronauts wear special suits!
hi-1155,hi,उपग्रह
en-1095,en,a satellite
hi-1156,hi,उपग्रह धरती के चारों ओर घूमता है!
en-1096,en,A satellite goes round and round the Earth!
hi-1157,hi,शनि ग्रह
en-1097,en,planet Saturn
hi-1158,hi,शनि ग्रह के चारों ओर छल्ले हैं!
en-1098,en,Saturn has rings all around it!
hi-1159,hi,उड़न तश्तरी
en-1099,en,a flying saucer
hi-1160,hi,ये तो कहानी वाली उड़न तश्तरी है — मज़े के लिए!
en-1100,en,This flying saucer is from stories — just for fun!
hi-1161,hi,तुमने अंतरिक्ष की सारी चीज़ें ढूँढ लीं! आज रात किसी बड़े के साथ असली आसमान देखो — कितने तारे दिखे?
en-1101,en,"You found everything in space! Tonight, look at the real sky with a grown-up — how many stars can you see?"
hi-1162,hi,तितली का बगीचा
en-1102,en,Butterfly Garden
hi-1163,hi,Titli ka bagicha
en-1103,en,a butterfly
hi-1164,hi,तितली फूलों का रस पीती है!
en-1104,en,Butterflies sip nectar from flowers!
hi-1165,hi,मधुमक्खी
en-1105,en,a bee
hi-1166,hi,मधुमक्खी शहद बनाती है!
en-1106,en,Bees make honey!
hi-1167,hi,लाल कीड़ा
en-1107,en,a ladybird
hi-1168,hi,इस कीड़े की पीठ पर काले धब्बे हैं!
en-1108,en,This ladybird has black spots on its back!
hi-1169,hi,गिलहरी
en-1109,en,a squirrel
hi-1170,hi,गिलहरी की पीठ पर धारियाँ होती हैं!
en-1110,en,Indian squirrels have stripes on their backs!
hi-1171,hi,तुमने बगीचे के सारे दोस्त ढूँढ लिए! अब किसी बड़े के साथ बाहर जाओ — असली तितली या मधुमक्खी ढूँढो!
en-1111,en,You found all the garden friends! Now go outside with a grown-up — look for a real butterfly or bee!
hi-1172,hi,चिंटू रोबो
en-1112,en,Chintu the robot
hi-1173,hi,Chintu Robo
en-1113,en,red
hi-1174,hi,ये लाल है
en-1114,en,it is red
en-1115,en,green
hi-1175,hi,ये हरा है
en-1116,en,it is green
en-1117,en,yellow
hi-1176,hi,ये पीला है
en-1118,en,it is yellow
en-1119,en,orange
hi-1177,hi,ये नारंगी है
en-1120,en,it is orange
en-1121,en,purple
hi-1178,hi,ये बैंगनी है
en-1122,en,it is purple
en-1123,en,blue
hi-1179,hi,ये नीला है
en-1124,en,it is blue
en-1125,en,brown
hi-1180,hi,ये भूरा है
en-1126,en,it is brown
en-1127,en,white
hi-1181,hi,ये सफ़ेद है
en-1128,en,it is white
hi-1182,hi,स्लेटी
en-1129,en,grey
hi-1183,hi,ये स्लेटी है
en-1130,en,it is grey
en-1131,en,pink
hi-1184,hi,ये गुलाबी है
en-1132,en,it is pink
hi-1185,hi,गोल
en-1133,en,round
hi-1186,hi,ये गोल है
en-1134,en,it is round
hi-1187,hi,लंबा
en-1135,en,long
hi-1188,hi,ये लंबा है
en-1136,en,it is long
hi-1189,hi,छोटा
en-1137,en,small
hi-1190,hi,ये छोटा है
en-1138,en,it is small
hi-1191,hi,खाने की चीज़
en-1139,en,food
hi-1192,hi,ये खाने की चीज़ है
en-1140,en,it is food
en-1141,en,animal
hi-1193,hi,ये जानवर है
en-1142,en,it is an animal
hi-1194,hi,पौधा
en-1143,en,plant
hi-1195,hi,ये पौधा है
en-1144,en,it is a plant
en-1145,en,vehicle
hi-1196,hi,ये गाड़ी है
en-1146,en,it is a vehicle
hi-1197,hi,मीठा
en-1147,en,sweet
hi-1198,hi,ये मीठा है
en-1148,en,it is sweet
hi-1199,hi,पकाकर खाते हैं
en-1149,en,cooked
hi-1200,hi,इसे पकाकर खाते हैं
en-1150,en,we cook it
hi-1201,hi,तैरता है
en-1151,en,swims
hi-1202,hi,ये तैरता है
en-1152,en,it swims
hi-1203,hi,चलता है
en-1153,en,walks
hi-1204,hi,ये पैरों से चलता है
en-1154,en,it walks on legs
hi-1205,hi,धारियाँ
en-1155,en,stripes
hi-1206,hi,इस पर धारियाँ हैं
en-1156,en,it has stripes
hi-1207,hi,मुलायम
en-1157,en,soft
hi-1208,hi,ये मुलायम है
en-1158,en,it is soft
hi-1209,hi,पूँछ
en-1159,en,tail
hi-1210,hi,इसकी पूँछ है
en-1160,en,it has a tail
en-1161,en,teeth
hi-1211,hi,इसके बड़े दाँत हैं
en-1162,en,it has big teeth
hi-1212,hi,लाल या हरा?
en-1163,en,Red or green?
hi-1213,hi,Laal ya hara?
hi-1214,hi,ये किस टोकरी में जाएगा — लाल या हरी?
en-1164,en,Which basket — red or green?
hi-1215,hi,लाल टोकरी
en-1165,en,Red basket
hi-1216,hi,Laal tokri
hi-1217,hi,हरी टोकरी
en-1166,en,Green basket
hi-1218,hi,Hari tokri
en-1167,en,frog
hi-1219,hi,हरा सेब
en-1168,en,green apple
hi-1220,hi,दमकल गाड़ी
en-1169,en,fire engine
hi-1221,hi,स्ट्रॉबेरी
en-1170,en,strawberry
hi-1222,hi,पत्ता
en-1171,en,leaf
en-1172,en,ladybird
hi-1223,hi,खीरा
en-1173,en,cucumber
hi-1224,hi,गुलाब
en-1174,en,rose
en-1175,en,tree
hi-1225,hi,फल या सब्ज़ी?
en-1176,en,Fruit or vegetable?
hi-1226,hi,Phal ya sabzi?
hi-1227,hi,ये फल है या सब्ज़ी?
en-1177,en,Is it a fruit or a vegetable?
hi-1228,hi,फल की टोकरी
en-1178,en,Fruit basket
hi-1229,hi,Phal ki tokri
hi-1230,hi,सब्ज़ी की टोकरी
en-1179,en,Vegetable basket
hi-1231,hi,Sabzi ki tokri
hi-1232,hi,बैंगन
en-1180,en,brinjal
hi-1233,hi,चेरी
en-1181,en,cherries
hi-1234,hi,लहसुन
en-1182,en,garlic
hi-1235,hi,भुट्टा
en-1183,en,corn
en-1184,en,carrot
en-1185,en,watermelon
hi-1236,hi,हरी गोभी
en-1186,en,broccoli
en-1187,en,potato
en-1188,en,pineapple
hi-1237,hi,पानी में या ज़मीन पर?
en-1189,en,Water or land?
hi-1238,hi,Paani mein ya zameen par?
hi-1239,hi,ये पानी में रहता है या ज़मीन पर?
en-1190,en,Does it live in water or on land?
hi-1240,hi,पानी वाले
en-1191,en,Water animals
hi-1241,hi,Paani wale
hi-1242,hi,ज़मीन वाले
en-1192,en,Land animals
hi-1243,hi,Zameen wale
en-1193,en,whale
hi-1244,hi,ख़रगोश
en-1194,en,rabbit
hi-1245,hi,धारी वाली मछली
en-1195,en,striped fish
en-1196,en,octopus
en-1197,en,tiger
en-1198,en,monkey
hi-1246,hi,शार्क
en-1199,en,shark
hi-1247,hi,जिराफ़
en-1200,en,giraffe
hi-1248,hi,डॉल्फ़िन
en-1201,en,dolphin
hi-1249,hi,ऊपर
en-1202,en,Up
hi-1250,hi,Upar
hi-1251,hi,नीचे
en-1203,en,Down
hi-1252,hi,Neeche
hi-1253,hi,बाएँ
en-1204,en,Left
hi-1254,hi,Baayein
hi-1255,hi,दाएँ
hi-1256,hi,Daayein
hi-1257,hi,आगे
en-1205,en,Forward
hi-1258,hi,Aage
hi-1259,hi,बाएँ मुड़ो
en-1206,en,Turn left
hi-1260,hi,Baayein mudo
hi-1261,hi,दाएँ मुड़ो
en-1207,en,Turn right
hi-1262,hi,Daayein mudo
en-1208,en,the mango
hi-1263,hi,रोबो को आम तक पहुँचाओ!
en-1209,en,Take the robot to the mango!
en-1210,en,the ball
hi-1264,hi,रोबो को गेंद तक पहुँचाओ!
en-1211,en,Take the robot to the ball!
en-1212,en,the banana
hi-1265,hi,रोबो को केले तक पहुँचाओ!
en-1213,en,Take the robot to the banana!
en-1214,en,the present
hi-1266,hi,रोबो को तोहफ़े तक पहुँचाओ!
en-1215,en,Take the robot to the present!
hi-1267,hi,लाल सेब
en-1216,en,the red apple
hi-1268,hi,तुम्हें लाल सेब चाहिए। रोबो से कैसे माँगोगे?
en-1217,en,You want the red apple. How will you ask the robot?
hi-1269,hi,वो दो!
en-1218,en,Give me that!
hi-1270,hi,लाल सेब दो।
en-1219,en,Please give me the red apple.
hi-1271,hi,पीली गाड़ी
en-1220,en,the yellow car
hi-1272,hi,अब तुम्हें पीली गाड़ी चाहिए। कैसे माँगोगे?
en-1221,en,Now you want the yellow car. How will you ask?
hi-1273,hi,गाड़ी दो!
en-1222,en,Give me a car!
hi-1274,hi,पीली गाड़ी दो।
en-1223,en,Please give me the yellow car.
hi-1275,hi,चिंटू से पूछो: क्या तुम्हें भूख लगती है? रोबो क्या खाता है?
en-1224,en,Ask Chintu: do you get hungry? What does a robot eat?
hi-1276,hi,पिज़्ज़ा खाता है
en-1225,en,It eats pizza
hi-1277,hi,बिजली से चलता है
en-1226,en,It runs on electricity
hi-1278,hi,"सही! मैं इंसान नहीं, मशीन हूँ। मुझे खाना नहीं, बिजली चाहिए। भूख तो तुम्हें लगती है — तुम खाना खाओ!"
en-1227,en,"Right! I'm not a person, I'm a machine. I don't need food, I need electricity. You get hungry — you eat food!"
hi-1279,hi,चिंटू चित्र बना सकता है! पर क्या बनाए? तुम बताओ।
en-1228,en,Chintu can draw pictures! But what should it draw? You tell it.
hi-1280,hi,कुछ बनाओ।
en-1229,en,Draw something.
hi-1281,hi,"पेड़ पर बैठी पीली चिड़िया बनाओ, और ऊपर सूरज।"
en-1230,en,"Draw a yellow bird sitting on a tree, with the sun above."
hi-1282,hi,चिंटू ने सेब गिने। चिंटू कहता है: यहाँ पाँच सेब हैं! क्या ये सही है? तुम ख़ुद गिनो।
en-1231,en,Chintu counted the apples. Chintu says: there are five apples! Is that right? Count them yourself.
hi-1283,hi,हाँ! सेब तो तीन हैं। रोबो ने गलती की — इसलिए हम ख़ुद गिनकर जाँचते हैं।
en-1232,en,Yes! There are only three apples. The robot made a mistake — that's why we count and check ourselves.
hi-1284,hi,"फिर से गिनो — एक, दो, तीन! सेब तीन हैं, पाँच नहीं। रोबो भी गलती कर सकता है।"
en-1233,en,"Count again — one, two, three! There are three apples, not five. Robots can make mistakes too."
hi-1285,hi,गिरने से घुटने में चोट लगी है। दर्द हो रहा है। किसे बताओगे?
en-1234,en,You fell and hurt your knee. It hurts. Who will you tell?
hi-1286,hi,रोबो को
hi-1287,hi,मम्मी-पापा या किसी बड़े को
en-1235,en,"Mummy, Papa or a grown-up"
hi-1288,hi,"बिल्कुल! मैं मशीन हूँ — मैं गले नहीं लगा सकता, पट्टी नहीं कर सकता। चोट लगे तो बड़ों को बताओ।"
en-1236,en,"Exactly! I'm a machine — I can't hug you or put on a bandage. When you're hurt, tell a grown-up."
hi-1289,hi,लाल किताब
en-1237,en,the red book
hi-1290,hi,तुम्हें शेर वाली लाल किताब चाहिए। सबसे साफ़ कैसे माँगोगे?
en-1238,en,You want the red book about lions. What's the clearest way to ask?
hi-1291,hi,किताब दो!
en-1239,en,Give me a book!
hi-1292,hi,शेर वाली लाल किताब दो।
en-1240,en,Please give me the red book about lions.
hi-1293,hi,रात को अँधेरे में डर लग रहा है। किससे कहोगे?
en-1241,en,You feel scared in the dark at night. Who will you tell?
hi-1294,hi,रोबो से
hi-1295,hi,घर के किसी बड़े से
en-1242,en,A grown-up at home
hi-1296,hi,"हाँ! दिल की बात — डर, दुख, ख़ुशी — अपने बड़ों से कहो। वो तुम्हें सच में समझते हैं।"
en-1243,en,"Yes! Feelings — scared, sad or happy — tell them to your grown-ups. They really understand you."
